DayofMonth,DayOfWeek,Carrier,Origin,Origin City,Dest,Dest City,Departure Delay (mins),Arrival Delay (min),Schd Elapsed Time,Actual Elapsed Time
7,5,American,JFK,"New York, NY",LAX,"Los Angeles, CA",-3,-19,364,348
25,2,American,SFO,"San Francisco, CA",JFK,"New York, NY",-9,-31,343,321
23,7,American,PDX,"Portland, OR",ORD,"Chicago, IL",-2,-26,243,219
21,5,American,DEN,"Denver, CO",MIA,"Miami, FL",4,5,236,237
18,2,American,MIA,"Miami, FL",IAH,"Houston, TX",-6,-19,163,150
15,6,American,JFK,"New York, NY",MIA,"Miami, FL",73,58,213,198
8,6,American,SEA,"Seattle, WA",DFW,"Dallas/Fort Worth, TX",0,-5,235,230
27,4,American,LAX,"Los Angeles, CA",BOS,"Boston, MA",-2,-20,340,322
7,5,American,ELP,"El Paso, TX",DFW,"Dallas/Fort Worth, TX",-7,-10,108,105
15,6,American,LAS,"Las Vegas, NV",DFW,"Dallas/Fort Worth, TX",-2,-6,165,161
25,2,American,LAS,"Las Vegas, NV",ORD,"Chicago, IL",-2,-5,222,219
12,3,American,BOS,"Boston, MA",JFK,"New York, NY",0,-15,82,67
4,2,American,OGG,"Kahului, HI",LAX,"Los Angeles, CA",0,-33,328,295
8,6,American,SFO,"San Francisco, CA",MIA,"Miami, FL",-1,-3,336,334
4,2,American,MIA,"Miami, FL",LGA,"New York, NY",-1,-20,177,158
11,2,American,DFW,"Dallas/Fort Worth, TX",MCI,"Kansas City, MO",-3,-9,100,94
18,2,American,DFW,"Dallas/Fort Worth, TX",MFE,"Mission/McAllen/Edinburg, TX",-6,-16,92,82
3,1,American,DFW,"Dallas/Fort Worth, TX",SEA,"Seattle, WA",0,-17,255,238
6,4,American,MFE,"Mission/McAllen/Edinburg, TX",DFW,"Dallas/Fort Worth, TX",-8,-15,98,91
11,2,American,TPA,"Tampa, FL",MIA,"Miami, FL",0,-12,65,53
24,1,American,BWI,"Baltimore, MD",DFW,"Dallas/Fort Worth, TX",-6,-6,201,201
19,3,American,PHX,"Phoenix, AZ",DFW,"Dallas/Fort Worth, TX",2,-6,144,136
25,2,American,LAS,"Las Vegas, NV",ORD,"Chicago, IL",0,-15,232,217
11,2,American,CLT,"Charlotte, NC",DFW,"Dallas/Fort Worth, TX",3,38,158,193
3,1,American,ORD,"Chicago, IL",BOS,"Boston, MA",7,-13,153,133
19,3,American,ORD,"Chicago, IL",LGA,"New York, NY",-3,-21,134,116
6,4,American,SAN,"San Diego, CA",DFW,"Dallas/Fort Worth, TX",0,-1,187,186
28,5,American,EWR,"Newark, NJ",DFW,"Dallas/Fort Worth, TX",-5,-37,224,192
26,3,American,ORD,"Chicago, IL",LAX,"Los Angeles, CA",0,-38,275,237
13,4,American,MIA,"Miami, FL",PHL,"Philadelphia, PA",-1,-7,167,161
11,2,American,DFW,"Dallas/Fort Worth, TX",COS,"Colorado Springs, CO",-5,-13,116,108
30,7,American,DFW,"Dallas/Fort Worth, TX",COS,"Colorado Springs, CO",-6,-17,116,105
9,7,American,LGA,"New York, NY",DFW,"Dallas/Fort Worth, TX",-6,-19,245,232
17,1,American,DFW,"Dallas/Fort Worth, TX",LGA,"New York, NY",33,7,216,190
24,1,American,RNO,"Reno, NV",DFW,"Dallas/Fort Worth, TX",0,-8,193,185
30,7,American,DCA,"Washington, DC",MIA,"Miami, FL",64,69,168,173
18,2,American,LGA,"New York, NY",DFW,"Dallas/Fort Worth, TX",-5,-33,227,199
9,7,American,LAX,"Los Angeles, CA",ATL,"Atlanta, GA",-3,-18,276,261
27,4,American,PIT,"Pittsburgh, PA",DFW,"Dallas/Fort Worth, TX",-2,-22,178,158
15,6,American,DFW,"Dallas/Fort Worth, TX",MSP,"Minneapolis, MN",-1,-10,149,140
13,4,American,DFW,"Dallas/Fort Worth, TX",MCO,"Orlando, FL",-3,-14,162,151
12,3,American,MIA,"Miami, FL",STX,"Christiansted, VI",54,48,164,158
9,7,American,ORD,"Chicago, IL",SEA,"Seattle, WA",1,-13,279,265
13,4,American,DFW,"Dallas/Fort Worth, TX",ORD,"Chicago, IL",-4,-8,146,142
6,4,American,PHX,"Phoenix, AZ",JFK,"New York, NY",-3,-12,301,292
12,3,American,MIA,"Miami, FL",MCO,"Orlando, FL",4,3,68,67
31,1,American,ORD,"Chicago, IL",MSP,"Minneapolis, MN",-5,0,92,97
27,4,American,DFW,"Dallas/Fort Worth, TX",SAT,"San Antonio, TX",-7,-13,72,66
9,7,American,DFW,"Dallas/Fort Worth, TX",RIC,"Richmond, VA",-3,-5,175,173
25,2,American,LAX,"Los Angeles, CA",BOS,"Boston, MA",-6,-20,336,322
6,4,American,DFW,"Dallas/Fort Worth, TX",SJC,"San Jose, CA",0,-13,225,212
21,5,American,DFW,"Dallas/Fort Worth, TX",DAY,"Dayton, OH",30,4,145,119
5,3,American,DFW,"Dallas/Fort Worth, TX",MIA,"Miami, FL",-3,11,179,193
13,4,American,MIA,"Miami, FL",BDL,"Hartford, CT",24,32,183,191
28,5,American,MIA,"Miami, FL",JFK,"New York, NY",33,16,184,167
21,5,American,DFW,"Dallas/Fort Worth, TX",AUS,"Austin, TX",5,0,61,56
31,1,American,AUS,"Austin, TX",DFW,"Dallas/Fort Worth, TX",-9,-22,68,55
5,3,American,MFE,"Mission/McAllen/Edinburg, TX",DFW,"Dallas/Fort Worth, TX",-6,-11,102,97
2,7,American,STL,"St. Louis, MO",LAX,"Los Angeles, CA",-2,-13,244,233
4,2,American,DFW,"Dallas/Fort Worth, TX",RNO,"Reno, NV",-4,4,210,218
8,6,American,BWI,"Baltimore, MD",DFW,"Dallas/Fort Worth, TX",11,10,199,198
11,2,American,ORD,"Chicago, IL",SFO,"San Francisco, CA",3,-13,283,267
30,7,American,CLT,"Charlotte, NC",ORD,"Chicago, IL",-6,-32,133,107
26,3,American,SAT,"San Antonio, TX",DFW,"Dallas/Fort Worth, TX",1,-2,75,72
27,4,American,DFW,"Dallas/Fort Worth, TX",BWI,"Baltimore, MD",-6,-21,184,169
15,6,American,DFW,"Dallas/Fort Worth, TX",CMH,"Columbus, OH",-4,-10,155,149
31,1,American,DFW,"Dallas/Fort Worth, TX",EGE,"Eagle, CO",-2,-10,144,136
23,7,American,SEA,"Seattle, WA",DFW,"Dallas/Fort Worth, TX",5,2,231,228
22,6,American,ORD,"Chicago, IL",STL,"St. Louis, MO",10,-6,74,58
24,1,American,DFW,"Dallas/Fort Worth, TX",COS,"Colorado Springs, CO",-4,-15,120,109
19,3,American,ORD,"Chicago, IL",LAX,"Los Angeles, CA",-1,-16,273,258
6,4,American,ORD,"Chicago, IL",DFW,"Dallas/Fort Worth, TX",1,-22,150,127
1,6,American,DFW,"Dallas/Fort Worth, TX",MIA,"Miami, FL",15,9,179,173
22,6,American,DFW,"Dallas/Fort Worth, TX",MIA,"Miami, FL",-3,-23,179,159
4,2,American,DFW,"Dallas/Fort Worth, TX",MSY,"New Orleans, LA",-6,-24,93,75
1,6,American,PHX,"Phoenix, AZ",ATL,"Atlanta, GA",51,32,226,207
1,6,American,PHL,"Philadelphia, PA",CLT,"Charlotte, NC",4,-12,110,94
5,3,American,MIA,"Miami, FL",MCO,"Orlando, FL",10,12,64,66
29,6,American,MIA,"Miami, FL",ATL,"Atlanta, GA",5,-5,120,110
5,3,American,LAX,"Los Angeles, CA",PHX,"Phoenix, AZ",-2,15,108,125
5,3,American,LAX,"Los Angeles, CA",PHX,"Phoenix, AZ",39,28,93,82
5,3,American,CLT,"Charlotte, NC",RDU,"Raleigh/Durham, NC",49,40,53,44
5,3,American,CLT,"Charlotte, NC",MCI,"Kansas City, MO",-5,-19,146,132
5,3,American,CLT,"Charlotte, NC",LGA,"New York, NY",0,3,108,111
1,6,American,PHL,"Philadelphia, PA",CLT,"Charlotte, NC",16,-6,117,95
1,6,American,LAX,"Los Angeles, CA",PHL,"Philadelphia, PA",-3,-36,328,295
4,2,American,PHX,"Phoenix, AZ",DEN,"Denver, CO",21,20,103,102
4,2,American,PHL,"Philadelphia, PA",SJU,"San Juan, PR",13,-9,244,222
4,2,American,SYR,"Syracuse, NY",CLT,"Charlotte, NC",-5,1,125,131
4,2,American,PHL,"Philadelphia, PA",BOS,"Boston, MA",-4,1,76,81
3,1,American,CLT,"Charlotte, NC",SEA,"Seattle, WA",-1,-3,333,331
6,4,American,ATL,"Atlanta, GA",CLT,"Charlotte, NC",42,73,75,106
6,4,American,ATL,"Atlanta, GA",PHL,"Philadelphia, PA",-5,-16,123,112
10,1,American,PHL,"Philadelphia, PA",IAH,"Houston, TX",0,-13,207,194
8,6,American,TPA,"Tampa, FL",PHL,"Philadelphia, PA",37,37,151,151
11,2,American,PHX,"Phoenix, AZ",SLC,"Salt Lake City, UT",-1,-9,98,90
9,7,American,PHX,"Phoenix, AZ",JFK,"New York, NY",14,17,290,293
11,2,American,LAX,"Los Angeles, CA",CLT,"Charlotte, NC",-6,-7,302,301
11,2,American,CLT,"Charlotte, NC",BOS,"Boston, MA",26,43,126,143
14,5,American,PIT,"Pittsburgh, PA",PHX,"Phoenix, AZ",-5,-27,275,253
10,1,American,CLT,"Charlotte, NC",JAX,"Jacksonville, FL",-6,-13,79,72
12,3,American,DCA,"Washington, DC",CLT,"Charlotte, NC",-4,-3,79,80
11,2,American,PHX,"Phoenix, AZ",LAS,"Las Vegas, NV",18,40,70,92
15,6,American,MCO,"Orlando, FL",CLT,"Charlotte, NC",-4,-21,101,84
15,6,American,MSP,"Minneapolis, MN",PHL,"Philadelphia, PA",0,3,151,154
17,1,American,BOS,"Boston, MA",CLT,"Charlotte, NC",13,1,128,116
18,2,American,PHL,"Philadelphia, PA",SEA,"Seattle, WA",-2,-5,366,363
17,1,American,RNO,"Reno, NV",PHX,"Phoenix, AZ",-8,-22,104,90
17,1,American,CLT,"Charlotte, NC",LAX,"Los Angeles, CA",-3,-25,314,292
18,2,American,MSP,"Minneapolis, MN",CLT,"Charlotte, NC",-6,0,153,159
19,3,American,CLT,"Charlotte, NC",FLL,"Fort Lauderdale, FL",2,12,115,125
16,7,American,PHX,"Phoenix, AZ",SMF,"Sacramento, CA",-3,-17,115,101
16,7,American,ORD,"Chicago, IL",PHX,"Phoenix, AZ",15,-7,213,191
16,7,American,PHX,"Phoenix, AZ",SJC,"San Jose, CA",-3,-13,111,101
21,5,American,PHX,"Phoenix, AZ",OMA,"Omaha, NE",11,18,155,162
23,7,American,DTW,"Detroit, MI",PHX,"Phoenix, AZ",-5,13,253,271
22,6,American,DCA,"Washington, DC",PHX,"Phoenix, AZ",-2,7,297,306
22,6,American,PHL,"Philadelphia, PA",PHX,"Phoenix, AZ",-8,-29,317,296
21,5,American,PHX,"Phoenix, AZ",SNA,"Santa Ana, CA",-4,-3,76,77
22,6,American,MSP,"Minneapolis, MN",PHX,"Phoenix, AZ",-4,-25,210,189
24,1,American,PHL,"Philadelphia, PA",RSW,"Fort Myers, FL",2,3,175,176
25,2,American,CLT,"Charlotte, NC",BUF,"Buffalo, NY",-11,-5,105,111
21,5,American,FLL,"Fort Lauderdale, FL",DFW,"Dallas/Fort Worth, TX",-4,-11,188,181
20,4,American,DCA,"Washington, DC",ORD,"Chicago, IL",-1,35,132,168
30,7,American,LGA,"New York, NY",BOS,"Boston, MA",6,-17,81,58
24,1,American,EWR,"Newark, NJ",CLT,"Charlotte, NC",-5,-17,109,97
24,1,American,CLT,"Charlotte, NC",LGA,"New York, NY",5,12,114,121
27,4,American,ANC,"Anchorage, AK",PHX,"Phoenix, AZ",2,-8,329,319
27,4,American,PHL,"Philadelphia, PA",DEN,"Denver, CO",-3,-7,263,259
30,7,American,PHX,"Phoenix, AZ",LAS,"Las Vegas, NV",-3,13,70,86
2,7,Alaska,SEA,"Seattle, WA",JNU,"Juneau, AK",-2,-1,149,150
2,7,Alaska,PDX,"Portland, OR",LAX,"Los Angeles, CA",-3,-8,150,145
3,1,Alaska,SEA,"Seattle, WA",JNU,"Juneau, AK",-7,-10,146,143
7,5,Alaska,ANC,"Anchorage, AK",SEA,"Seattle, WA",27,20,204,197
7,5,Alaska,LAX,"Los Angeles, CA",ANC,"Anchorage, AK",20,5,325,310
4,2,Alaska,OAK,"Oakland, CA",SEA,"Seattle, WA",-7,6,110,123
5,3,Alaska,SEA,"Seattle, WA",BOS,"Boston, MA",-2,-20,325,307
9,7,Alaska,PDX,"Portland, OR",DFW,"Dallas/Fort Worth, TX",-11,-18,219,212
6,4,Alaska,SJC,"San Jose, CA",SEA,"Seattle, WA",-5,1,114,120
6,4,Alaska,SNA,"Santa Ana, CA",SEA,"Seattle, WA",49,48,170,169
8,6,Alaska,ANC,"Anchorage, AK",CDV,"Cordova, AK",-5,-10,46,41
16,7,Alaska,JNU,"Juneau, AK",SEA,"Seattle, WA",-6,-16,142,132
16,7,Alaska,SJC,"San Jose, CA",PDX,"Portland, OR",-4,-3,95,96
14,5,Alaska,FAI,"Fairbanks, AK",SEA,"Seattle, WA",43,38,205,200
20,4,Alaska,DEN,"Denver, CO",SEA,"Seattle, WA",-4,-17,175,162
16,7,Alaska,MSY,"New Orleans, LA",SEA,"Seattle, WA",-4,19,310,333
16,7,Alaska,DTW,"Detroit, MI",SEA,"Seattle, WA",-13,-6,302,309
17,1,Alaska,STL,"St. Louis, MO",SEA,"Seattle, WA",-11,-12,252,251
17,1,Alaska,SEA,"Seattle, WA",MCI,"Kansas City, MO",-3,-5,198,196
24,1,American,DFW,"Dallas/Fort Worth, TX",FLL,"Fort Lauderdale, FL",24,3,179,158
10,1,American,IND,"Indianapolis, IN",DFW,"Dallas/Fort Worth, TX",-11,-23,135,123
29,6,Alaska,ANC,"Anchorage, AK",BET,"Bethel, AK",-5,0,73,78
26,3,Alaska,PDX,"Portland, OR",SFO,"San Francisco, CA",-10,-9,108,109
30,7,Alaska,GEG,"Spokane, WA",SEA,"Seattle, WA",-6,-9,57,54
30,7,Alaska,SIT,"Sitka, AK",SEA,"Seattle, WA",-11,-14,129,126
30,7,Alaska,SAN,"San Diego, CA",SEA,"Seattle, WA",-7,6,165,178
1,6,JetBlue,ROC,"Rochester, NY",JFK,"New York, NY",-6,-30,81,57
1,6,Alaska,JNU,"Juneau, AK",ANC,"Anchorage, AK",-17,-23,102,96
24,1,Alaska,PDX,"Portland, OR",LAS,"Las Vegas, NV",-10,-2,126,134
5,3,JetBlue,JFK,"New York, NY",OAK,"Oakland, CA",1,15,382,396
29,6,Alaska,BUR,"Burbank, CA",SEA,"Seattle, WA",23,29,145,151
3,1,JetBlue,JFK,"New York, NY",ORD,"Chicago, IL",21,28,159,166
7,5,JetBlue,DFW,"Dallas/Fort Worth, TX",BOS,"Boston, MA",3,-8,220,209
1,6,JetBlue,BOS,"Boston, MA",RIC,"Richmond, VA",10,22,105,117
1,6,JetBlue,LAS,"Las Vegas, NV",SFO,"San Francisco, CA",42,34,94,86
2,7,JetBlue,BOS,"Boston, MA",LAX,"Los Angeles, CA",3,-15,373,355
2,7,JetBlue,SFO,"San Francisco, CA",FLL,"Fort Lauderdale, FL",8,-11,344,325
2,7,JetBlue,BOS,"Boston, MA",BWI,"Baltimore, MD",-4,1,90,95
6,4,JetBlue,PIT,"Pittsburgh, PA",BOS,"Boston, MA",10,7,95,92
5,3,JetBlue,LGB,"Long Beach, CA",OAK,"Oakland, CA",-3,2,75,80
5,3,JetBlue,TPA,"Tampa, FL",SJU,"San Juan, PR",22,13,179,170
5,3,JetBlue,JFK,"New York, NY",SJU,"San Juan, PR",22,16,251,245
5,3,JetBlue,JFK,"New York, NY",MCO,"Orlando, FL",4,6,167,169
9,7,JetBlue,LAX,"Los Angeles, CA",BOS,"Boston, MA",-1,-28,333,306
9,7,JetBlue,PVD,"Providence, RI",MCO,"Orlando, FL",-9,-32,169,146
9,7,JetBlue,BOS,"Boston, MA",SEA,"Seattle, WA",-2,-7,361,356
9,7,JetBlue,MCO,"Orlando, FL",JFK,"New York, NY",-3,-11,161,153
9,7,JetBlue,DCA,"Washington, DC",CHS,"Charleston, SC",9,-8,98,81
4,2,JetBlue,BOS,"Boston, MA",IAD,"Washington, DC",-5,5,96,106
4,2,JetBlue,BDL,"Hartford, CT",FLL,"Fort Lauderdale, FL",17,18,184,185
4,2,JetBlue,TPA,"Tampa, FL",LGA,"New York, NY",0,12,160,172
4,2,JetBlue,JFK,"New York, NY",SYR,"Syracuse, NY",-6,17,77,100
7,5,JetBlue,RDU,"Raleigh/Durham, NC",BOS,"Boston, MA",-3,-14,109,98
8,6,JetBlue,SJC,"San Jose, CA",BOS,"Boston, MA",9,-11,328,308
12,3,JetBlue,LAX,"Los Angeles, CA",FLL,"Fort Lauderdale, FL",11,12,309,310
12,3,JetBlue,LGA,"New York, NY",PBI,"West Palm Beach/Palm Beach, FL",0,3,167,170
14,5,JetBlue,BOS,"Boston, MA",BUF,"Buffalo, NY",-9,3,83,95
15,6,JetBlue,LAX,"Los Angeles, CA",JFK,"New York, NY",-7,-12,341,336
12,3,JetBlue,DCA,"Washington, DC",MCO,"Orlando, FL",-5,-3,131,133
16,7,JetBlue,RDU,"Raleigh/Durham, NC",JFK,"New York, NY",22,16,98,92
19,3,JetBlue,MCO,"Orlando, FL",SJU,"San Juan, PR",-2,-10,172,164
16,7,JetBlue,SJU,"San Juan, PR",JFK,"New York, NY",0,-7,237,230
17,1,JetBlue,BOS,"Boston, MA",PBI,"West Palm Beach/Palm Beach, FL",12,-2,183,169
17,1,JetBlue,HPN,"White Plains, NY",MCO,"Orlando, FL",1,0,151,150
17,1,JetBlue,PIT,"Pittsburgh, PA",BOS,"Boston, MA",-8,-3,95,100
18,2,JetBlue,JFK,"New York, NY",LAX,"Los Angeles, CA",0,28,374,402
18,2,JetBlue,ACK,"Nantucket, MA",JFK,"New York, NY",-4,-16,68,56
19,3,JetBlue,RIC,"Richmond, VA",BOS,"Boston, MA",-14,-15,90,89
23,7,JetBlue,FLL,"Fort Lauderdale, FL",BOS,"Boston, MA",18,28,190,200
23,7,JetBlue,BWI,"Baltimore, MD",BOS,"Boston, MA",40,65,83,108
20,4,JetBlue,SEA,"Seattle, WA",LGB,"Long Beach, CA",3,-11,155,141
22,6,JetBlue,FLL,"Fort Lauderdale, FL",RIC,"Richmond, VA",-5,-10,129,124
22,6,JetBlue,BUF,"Buffalo, NY",JFK,"New York, NY",-13,-44,98,67
21,5,JetBlue,JFK,"New York, NY",PWM,"Portland, ME",-3,-23,100,80
21,5,JetBlue,TPA,"Tampa, FL",JFK,"New York, NY",4,-10,166,152
21,5,JetBlue,JFK,"New York, NY",BQN,"Aguadilla, PR",-5,-10,225,220
21,5,JetBlue,LGB,"Long Beach, CA",LAS,"Las Vegas, NV",-5,-11,66,60
25,2,JetBlue,HPN,"White Plains, NY",RSW,"Fort Myers, FL",-2,-5,176,173
26,3,JetBlue,DEN,"Denver, CO",BOS,"Boston, MA",-3,-19,234,218
26,3,JetBlue,BUF,"Buffalo, NY",JFK,"New York, NY",-6,-19,84,71
27,4,JetBlue,LGB,"Long Beach, CA",SMF,"Sacramento, CA",-8,-7,78,79
27,4,JetBlue,BOS,"Boston, MA",LAX,"Los Angeles, CA",-2,-2,373,373
27,4,JetBlue,BOS,"Boston, MA",LAS,"Las Vegas, NV",0,18,346,364
31,1,JetBlue,JFK,"New York, NY",LAS,"Las Vegas, NV",-5,-37,352,320
28,5,JetBlue,SJU,"San Juan, PR",FLL,"Fort Lauderdale, FL",3,-1,158,154
29,6,JetBlue,EWR,"Newark, NJ",FLL,"Fort Lauderdale, FL",-2,-19,176,159
29,6,JetBlue,PBI,"West Palm Beach/Palm Beach, FL",BDL,"Hartford, CT",-6,-5,171,172
29,6,JetBlue,RSW,"Fort Myers, FL",EWR,"Newark, NJ",-12,-21,173,164
1,6,Delta,MSP,"Minneapolis, MN",LGA,"New York, NY",-4,-6,159,157
1,6,Delta,ATL,"Atlanta, GA",BTV,"Burlington, VT",-5,-17,155,143
20,4,American,DFW,"Dallas/Fort Worth, TX",LAX,"Los Angeles, CA",-3,-9,198,192
21,5,American,MIA,"Miami, FL",SFO,"San Francisco, CA",-4,-16,359,347
3,1,American,DFW,"Dallas/Fort Worth, TX",MSP,"Minneapolis, MN",-1,-16,151,136
2,7,Delta,MIA,"Miami, FL",LGA,"New York, NY",16,11,187,182
2,7,Delta,PHL,"Philadelphia, PA",ATL,"Atlanta, GA",3,-17,135,115
2,7,Delta,ATL,"Atlanta, GA",DFW,"Dallas/Fort Worth, TX",10,-5,140,125
1,6,Delta,JFK,"New York, NY",BOS,"Boston, MA",39,10,97,68
2,7,Delta,BOS,"Boston, MA",ATL,"Atlanta, GA",-4,-12,167,159
2,7,Delta,SLC,"Salt Lake City, UT",MSP,"Minneapolis, MN",0,1,147,148
2,7,Delta,MSP,"Minneapolis, MN",ORD,"Chicago, IL",2,-5,85,78
2,7,Delta,ATL,"Atlanta, GA",RDU,"Raleigh/Durham, NC",-7,-27,81,61
2,7,Delta,CVG,"Cincinnati, OH",ATL,"Atlanta, GA",-5,-15,93,83
2,7,Delta,ATL,"Atlanta, GA",DEN,"Denver, CO",4,19,191,206
2,7,Delta,ATL,"Atlanta, GA",PIT,"Pittsburgh, PA",-1,-16,103,88
2,7,Delta,ATL,"Atlanta, GA",BTR,"Baton Rouge, LA",-2,-14,95,83
3,1,Delta,FLL,"Fort Lauderdale, FL",ATL,"Atlanta, GA",-3,-21,126,108
3,1,Delta,BNA,"Nashville, TN",ATL,"Atlanta, GA",-1,-15,73,59
3,1,Delta,BOS,"Boston, MA",ATL,"Atlanta, GA",0,2,167,169
4,2,Delta,MSP,"Minneapolis, MN",MSN,"Madison, WI",12,12,61,61
4,2,Delta,BOS,"Boston, MA",MSP,"Minneapolis, MN",27,29,190,192
3,1,Delta,ATL,"Atlanta, GA",EWR,"Newark, NJ",0,-10,132,122
3,1,Delta,ATL,"Atlanta, GA",SAT,"San Antonio, TX",1,-10,142,131
3,1,Delta,LAX,"Los Angeles, CA",SEA,"Seattle, WA",-1,-1,155,155
3,1,Delta,MCO,"Orlando, FL",MSP,"Minneapolis, MN",-4,-9,207,202
5,3,Delta,ATL,"Atlanta, GA",PWM,"Portland, ME",-7,-6,156,157
4,2,Delta,ATL,"Atlanta, GA",PNS,"Pensacola, FL",-2,-3,64,63
4,2,Delta,DTW,"Detroit, MI",LAS,"Las Vegas, NV",-6,35,260,301
5,3,Delta,MSP,"Minneapolis, MN",JFK,"New York, NY",-3,-4,179,178
5,3,Delta,MEM,"Memphis, TN",ATL,"Atlanta, GA",23,5,80,62
5,3,Delta,OMA,"Omaha, NE",MSP,"Minneapolis, MN",-6,-1,65,70
5,3,Delta,EWR,"Newark, NJ",ATL,"Atlanta, GA",1,-14,150,135
5,3,UA,ORD,"Chicago, IL",BWI,"Baltimore, MD",1,-19,122,102
5,3,UA,CLE,"Cleveland, OH",LAX,"Los Angeles, CA",-5,-7,293,291
4,2,UA,EWR,"Newark, NJ",BOS,"Boston, MA",-6,7,76,89
4,2,UA,SFO,"San Francisco, CA",ORD,"Chicago, IL",56,32,261,237
5,3,UA,ORD,"Chicago, IL",EWR,"Newark, NJ",13,22,138,147
25,2,SkyWest,SJC,"San Jose, CA",LAX,"Los Angeles, CA",-5,7,84,96
3,1,SkyWest,SLC,"Salt Lake City, UT",SUN,"Sun Valley/Hailey/Ketchum, ID",-1,-6,52,47
21,5,SkyWest,CVG,"Cincinnati, OH",ORD,"Chicago, IL",14,7,73,66
4,2,UA,ORD,"Chicago, IL",DTW,"Detroit, MI",-3,-8,87,82
4,2,UA,SFO,"San Francisco, CA",ANC,"Anchorage, AK",-5,-6,282,281
4,2,UA,IAH,"Houston, TX",PHL,"Philadelphia, PA",10,1,211,202
4,2,UA,IAD,"Washington, DC",LAX,"Los Angeles, CA",33,28,331,326
3,1,UA,EWR,"Newark, NJ",HNL,"Honolulu, HI",5,-24,652,623
3,1,UA,IAH,"Houston, TX",SLC,"Salt Lake City, UT",24,6,192,174
3,1,UA,SFO,"San Francisco, CA",SEA,"Seattle, WA",53,51,120,118
3,1,UA,EWR,"Newark, NJ",BOS,"Boston, MA",17,9,75,67
6,4,UA,HNL,"Honolulu, HI",LAX,"Los Angeles, CA",7,15,340,348
6,4,UA,SAT,"San Antonio, TX",IAH,"Houston, TX",-11,-7,64,68
4,2,UA,ORD,"Chicago, IL",SFO,"San Francisco, CA",30,6,289,265
2,7,UA,SFO,"San Francisco, CA",HNL,"Honolulu, HI",25,37,321,333
2,7,UA,SAT,"San Antonio, TX",EWR,"Newark, NJ",-7,-37,243,213
2,7,UA,MSY,"New Orleans, LA",EWR,"Newark, NJ",3,-10,188,175
2,7,UA,IAH,"Houston, TX",EWR,"Newark, NJ",4,-13,215,198
17,1,Virgin,SFO,"San Francisco, CA",LAX,"Los Angeles, CA",-4,15,80,99
1,6,UA,SLC,"Salt Lake City, UT",IAH,"Houston, TX",-6,-29,191,168
1,6,UA,DEN,"Denver, CO",DCA,"Washington, DC",2,-25,210,183
1,6,UA,SEA,"Seattle, WA",SFO,"San Francisco, CA",4,-4,136,128
12,3,Virgin,LAX,"Los Angeles, CA",SFO,"San Francisco, CA",-1,-6,75,70
14,5,Virgin,LAX,"Los Angeles, CA",SFO,"San Francisco, CA",3,-3,70,64
15,6,Virgin,LAS,"Las Vegas, NV",SFO,"San Francisco, CA",-4,-17,95,82
26,3,Virgin,DAL,"Dallas, TX",AUS,"Austin, TX",-10,-20,55,45
10,1,Virgin,SEA,"Seattle, WA",SFO,"San Francisco, CA",6,6,130,130
10,1,Virgin,SFO,"San Francisco, CA",PDX,"Portland, OR",-5,-18,95,82
23,7,Virgin,AUS,"Austin, TX",DAL,"Dallas, TX",-1,-5,55,51
24,1,Virgin,SFO,"San Francisco, CA",LAS,"Las Vegas, NV",-3,-6,90,87
25,2,Virgin,LAX,"Los Angeles, CA",SFO,"San Francisco, CA",-6,-1,70,75
30,7,Virgin,SFO,"San Francisco, CA",LAX,"Los Angeles, CA",-3,-11,80,72
4,2,Virgin,LAX,"Los Angeles, CA",SFO,"San Francisco, CA",-5,6,75,86
7,5,Virgin,DAL,"Dallas, TX",LGA,"New York, NY",-8,-14,200,194
29,6,Virgin,LAX,"Los Angeles, CA",EWR,"Newark, NJ",-1,-3,320,318
1,6,Southwest,DAL,"Dallas, TX",LAS,"Las Vegas, NV",2,-11,165,152
1,6,Southwest,IND,"Indianapolis, IN",DAL,"Dallas, TX",0,-9,125,116
1,6,Southwest,LAS,"Las Vegas, NV",SNA,"Santa Ana, CA",0,-7,60,53
1,6,Southwest,BNA,"Nashville, TN",HOU,"Houston, TX",51,43,120,112
1,6,Southwest,CAK,"Akron, OH",MCO,"Orlando, FL",-4,-11,135,128
1,6,Southwest,SFO,"San Francisco, CA",SNA,"Santa Ana, CA",-4,-13,95,86
1,6,Southwest,MCO,"Orlando, FL",IND,"Indianapolis, IN",56,58,140,142
1,6,Southwest,MCO,"Orlando, FL",MDW,"Chicago, IL",48,40,170,162
1,6,Southwest,MDW,"Chicago, IL",TPA,"Tampa, FL",0,48,150,198
1,6,Southwest,OAK,"Oakland, CA",LAX,"Los Angeles, CA",8,11,75,78
2,7,Southwest,LAX,"Los Angeles, CA",BNA,"Nashville, TN",7,18,240,251
2,7,Southwest,MCO,"Orlando, FL",ISP,"Islip, NY",-4,-13,150,141
2,7,Southwest,BDL,"Hartford, CT",BWI,"Baltimore, MD",-1,-15,75,61
2,7,Southwest,PVD,"Providence, RI",BWI,"Baltimore, MD",37,31,75,69
2,7,Southwest,SFO,"San Francisco, CA",LAX,"Los Angeles, CA",6,-5,85,74
2,7,Southwest,SJC,"San Jose, CA",ONT,"Ontario, CA",59,57,70,68
3,1,Southwest,LAX,"Los Angeles, CA",STL,"St. Louis, MO",6,-8,215,201
3,1,Southwest,MCI,"Kansas City, MO",HOU,"Houston, TX",12,4,115,107
2,7,Southwest,BWI,"Baltimore, MD",CLE,"Cleveland, OH",7,6,75,74
3,1,Southwest,DCA,"Washington, DC",STL,"St. Louis, MO",-5,-8,125,122
23,7,SkyWest,DEN,"Denver, CO",SLC,"Salt Lake City, UT",-3,-12,94,85
5,3,SkyWest,BIS,"Bismarck/Mandan, ND",DEN,"Denver, CO",78,70,103,95
11,2,SkyWest,BHM,"Birmingham, AL",DEN,"Denver, CO",-15,-23,173,165
3,1,Southwest,PHX,"Phoenix, AZ",BWI,"Baltimore, MD",-1,-2,265,264
3,1,Southwest,PHX,"Phoenix, AZ",MDW,"Chicago, IL",13,0,205,192
4,2,Southwest,MDW,"Chicago, IL",DEN,"Denver, CO",69,41,165,137
3,1,Southwest,OAK,"Oakland, CA",BUR,"Burbank, CA",0,-5,65,60
3,1,Southwest,OAK,"Oakland, CA",LAX,"Los Angeles, CA",-4,-16,85,73
4,2,Southwest,HOU,"Houston, TX",BOS,"Boston, MA",-4,-13,225,216
4,2,Southwest,DAL,"Dallas, TX",ELP,"El Paso, TX",33,25,95,87
4,2,Southwest,PIT,"Pittsburgh, PA",FLL,"Fort Lauderdale, FL",0,-14,165,151
4,2,Southwest,PIT,"Pittsburgh, PA",MDW,"Chicago, IL",-1,-2,85,84
5,3,Southwest,HOU,"Houston, TX",PNS,"Pensacola, FL",-3,-6,85,82
5,3,Southwest,LAS,"Las Vegas, NV",AUS,"Austin, TX",-6,-10,160,156
5,3,Southwest,LAX,"Los Angeles, CA",SAT,"San Antonio, TX",-1,-12,170,159
4,2,Southwest,LIT,"Little Rock, AR",DAL,"Dallas, TX",0,-2,60,58
5,3,Southwest,BWI,"Baltimore, MD",SLC,"Salt Lake City, UT",34,29,285,280
5,3,Southwest,OAK,"Oakland, CA",BWI,"Baltimore, MD",7,-15,310,288
5,3,Southwest,ONT,"Ontario, CA",PHX,"Phoenix, AZ",4,8,65,69
5,3,Southwest,PHX,"Phoenix, AZ",ONT,"Ontario, CA",45,37,65,57
5,3,Southwest,PHX,"Phoenix, AZ",RNO,"Reno, NV",-2,-12,100,90
6,4,Southwest,MCI,"Kansas City, MO",MKE,"Milwaukee, WI",4,-4,85,77
6,4,Southwest,MCO,"Orlando, FL",RDU,"Raleigh/Durham, NC",2,7,100,105
6,4,Southwest,BWI,"Baltimore, MD",LAX,"Los Angeles, CA",60,35,340,315
6,4,Southwest,BWI,"Baltimore, MD",MCO,"Orlando, FL",10,5,140,135
6,4,Southwest,CMH,"Columbus, OH",MDW,"Chicago, IL",4,-11,75,60
6,4,Southwest,DCA,"Washington, DC",HOU,"Houston, TX",1,-12,195,182
6,4,Southwest,HOU,"Houston, TX",BHM,"Birmingham, AL",-5,-13,95,87
6,4,Southwest,HOU,"Houston, TX",DAL,"Dallas, TX",4,8,60,64
7,5,Southwest,LAX,"Los Angeles, CA",PDX,"Portland, OR",-5,-8,135,132
7,5,Southwest,LAX,"Los Angeles, CA",PHX,"Phoenix, AZ",49,35,80,66
6,4,Southwest,SMF,"Sacramento, CA",BUR,"Burbank, CA",3,1,70,68
7,5,Southwest,ABQ,"Albuquerque, NM",DAL,"Dallas, TX",13,9,100,96
7,5,Southwest,BNA,"Nashville, TN",LAX,"Los Angeles, CA",-1,-5,260,256
7,5,Southwest,BWI,"Baltimore, MD",BUF,"Buffalo, NY",-4,-9,70,65
7,5,Southwest,ONT,"Ontario, CA",SMF,"Sacramento, CA",13,6,75,68
6,4,Southwest,OAK,"Oakland, CA",MDW,"Chicago, IL",-1,-29,250,222
6,4,Southwest,RNO,"Reno, NV",LAS,"Las Vegas, NV",14,17,75,78
7,5,Southwest,TUS,"Tucson, AZ",LAX,"Los Angeles, CA",40,34,90,84
7,5,Southwest,PHX,"Phoenix, AZ",SMF,"Sacramento, CA",23,17,110,104
7,5,Southwest,SAT,"San Antonio, TX",DEN,"Denver, CO",1,-8,135,126
7,5,Southwest,STL,"St. Louis, MO",DAL,"Dallas, TX",0,-4,95,91
8,6,Southwest,MDW,"Chicago, IL",DCA,"Washington, DC",-5,-24,110,91
8,6,Southwest,PVD,"Providence, RI",FLL,"Fort Lauderdale, FL",-4,-5,185,184
8,6,Southwest,DAY,"Dayton, OH",MCO,"Orlando, FL",-4,-25,135,114
8,6,Southwest,SMF,"Sacramento, CA",BUR,"Burbank, CA",-2,-4,70,68
9,7,Southwest,ATL,"Atlanta, GA",MDW,"Chicago, IL",13,0,130,117
24,1,UA,JFK,"New York, NY",LAX,"Los Angeles, CA",8,34,364,390
9,7,Southwest,MCO,"Orlando, FL",PVD,"Providence, RI",0,8,165,173
9,7,Southwest,BWI,"Baltimore, MD",ALB,"Albany, NY",0,0,70,70
9,7,Southwest,BWI,"Baltimore, MD",FLL,"Fort Lauderdale, FL",-4,-27,155,132
9,7,Southwest,BWI,"Baltimore, MD",PVD,"Providence, RI",-4,-13,75,66
9,7,Southwest,SAN,"San Diego, CA",TUS,"Tucson, AZ",-6,-8,70,68
9,7,Southwest,SEA,"Seattle, WA",OAK,"Oakland, CA",2,11,125,134
10,1,Southwest,ATL,"Atlanta, GA",PHL,"Philadelphia, PA",2,-11,130,117
10,1,Southwest,MKE,"Milwaukee, WI",DAL,"Dallas, TX",0,14,155,169
10,1,Southwest,OAK,"Oakland, CA",SNA,"Santa Ana, CA",-2,-5,85,82
9,7,Southwest,LAS,"Las Vegas, NV",DAL,"Dallas, TX",-1,-14,165,152
10,1,Southwest,BNA,"Nashville, TN",PHL,"Philadelphia, PA",1,3,115,117
10,1,Southwest,BWI,"Baltimore, MD",DAL,"Dallas, TX",17,-5,195,173
10,1,Southwest,DAL,"Dallas, TX",AUS,"Austin, TX",-2,-7,50,45
10,1,Southwest,DEN,"Denver, CO",DTW,"Detroit, MI",3,3,170,170
7,5,Southwest,MSY,"New Orleans, LA",EWR,"Newark, NJ",-4,-24,180,160
7,5,Southwest,OAK,"Oakland, CA",BUR,"Burbank, CA",-3,-7,65,61
7,5,Southwest,OAK,"Oakland, CA",DAL,"Dallas, TX",29,23,200,194
8,6,Southwest,FLL,"Fort Lauderdale, FL",BDL,"Hartford, CT",-5,-22,185,168
8,6,Southwest,FLL,"Fort Lauderdale, FL",BWI,"Baltimore, MD",-4,-17,155,142
8,6,Southwest,HOU,"Houston, TX",DEN,"Denver, CO",2,-15,145,128
8,6,Southwest,HRL,"Harlingen/San Benito, TX",HOU,"Houston, TX",0,5,60,65
8,6,Southwest,MCI,"Kansas City, MO",ATL,"Atlanta, GA",-7,51,115,173
11,2,Southwest,LAS,"Las Vegas, NV",SAN,"San Diego, CA",-1,-6,65,60
11,2,Southwest,MCO,"Orlando, FL",ISP,"Islip, NY",-3,-3,150,150
11,2,Southwest,BOS,"Boston, MA",MDW,"Chicago, IL",-3,-4,165,164
11,2,Southwest,BWI,"Baltimore, MD",CHS,"Charleston, SC",2,-2,105,101
11,2,Southwest,PHX,"Phoenix, AZ",SEA,"Seattle, WA",4,-18,175,153
12,3,Southwest,SEA,"Seattle, WA",SNA,"Santa Ana, CA",3,15,165,177
12,3,Southwest,SJC,"San Jose, CA",LAS,"Las Vegas, NV",-8,-17,80,71
12,3,Southwest,TPA,"Tampa, FL",BNA,"Nashville, TN",-1,3,105,109
13,4,Southwest,BHM,"Birmingham, AL",TPA,"Tampa, FL",-4,-11,85,78
13,4,Southwest,PDX,"Portland, OR",LAS,"Las Vegas, NV",1,7,130,136
13,4,Southwest,ISP,"Islip, NY",TPA,"Tampa, FL",-1,-17,175,159
13,4,Southwest,MDW,"Chicago, IL",FLL,"Fort Lauderdale, FL",6,-9,175,160
12,3,Southwest,BUR,"Burbank, CA",PHX,"Phoenix, AZ",-1,-3,80,78
12,3,Southwest,DEN,"Denver, CO",LAS,"Las Vegas, NV",13,3,110,100
11,2,Southwest,STL,"St. Louis, MO",LGA,"New York, NY",31,13,155,137
11,2,Southwest,TUS,"Tucson, AZ",LAS,"Las Vegas, NV",-3,0,75,78
13,4,Southwest,HRL,"Harlingen/San Benito, TX",HOU,"Houston, TX",-7,-9,60,58
14,5,Southwest,ATL,"Atlanta, GA",HOU,"Houston, TX",5,-9,130,116
14,5,Southwest,BWI,"Baltimore, MD",MHT,"Manchester, NH",-3,-7,80,76
14,5,Southwest,BWI,"Baltimore, MD",SAT,"San Antonio, TX",-2,-29,220,193
14,5,Southwest,SAN,"San Diego, CA",SJC,"San Jose, CA",20,20,80,80
13,4,Southwest,SDF,"Louisville, KY",MCO,"Orlando, FL",-5,-10,120,115
14,5,Southwest,MCI,"Kansas City, MO",MSY,"New Orleans, LA",-3,-10,110,103
15,6,Southwest,SAN,"San Diego, CA",DEN,"Denver, CO",-5,-9,135,131
15,6,Southwest,TPA,"Tampa, FL",FLL,"Fort Lauderdale, FL",-8,-16,60,52
16,7,Southwest,LAS,"Las Vegas, NV",MCI,"Kansas City, MO",0,-5,165,160
16,7,Southwest,BWI,"Baltimore, MD",MKE,"Milwaukee, WI",-3,-26,120,97
16,7,Southwest,CLE,"Cleveland, OH",BWI,"Baltimore, MD",2,-1,70,67
16,7,Southwest,DEN,"Denver, CO",SEA,"Seattle, WA",0,14,170,184
14,5,Southwest,HOU,"Houston, TX",MSY,"New Orleans, LA",-3,14,65,82
15,6,Southwest,LAX,"Los Angeles, CA",RNO,"Reno, NV",3,-5,75,67
3,1,UA,IAH,"Houston, TX",LAX,"Los Angeles, CA",13,11,205,203
16,7,Southwest,HOU,"Houston, TX",SNA,"Santa Ana, CA",34,16,205,187
16,7,Southwest,SAN,"San Diego, CA",RNO,"Reno, NV",-5,-8,85,82
16,7,Southwest,SNA,"Santa Ana, CA",SMF,"Sacramento, CA",-3,-13,85,75
13,4,Southwest,MHT,"Manchester, NH",BWI,"Baltimore, MD",0,-7,90,83
13,4,Southwest,MSP,"Minneapolis, MN",ATL,"Atlanta, GA",-1,-20,155,136
13,4,Southwest,MSY,"New Orleans, LA",HOU,"Houston, TX",-5,-13,75,67
19,3,Southwest,ATL,"Atlanta, GA",LGA,"New York, NY",37,47,140,150
19,3,Southwest,BWI,"Baltimore, MD",FLL,"Fort Lauderdale, FL",28,20,155,147
19,3,Southwest,DEN,"Denver, CO",BWI,"Baltimore, MD",34,24,205,195
19,3,Southwest,HOU,"Houston, TX",DCA,"Washington, DC",35,24,180,169
18,2,Southwest,SAT,"San Antonio, TX",TPA,"Tampa, FL",-6,-24,150,132
18,2,Southwest,SJC,"San Jose, CA",AUS,"Austin, TX",-4,-12,200,192
20,4,Southwest,LAS,"Las Vegas, NV",DAL,"Dallas, TX",6,11,165,170
19,3,Southwest,SEA,"Seattle, WA",SJC,"San Jose, CA",-1,-10,125,116
20,4,Southwest,LAS,"Las Vegas, NV",PIT,"Pittsburgh, PA",79,71,245,237
21,5,Southwest,LAS,"Las Vegas, NV",FLL,"Fort Lauderdale, FL",-1,-22,285,264
21,5,Southwest,LAS,"Las Vegas, NV",MAF,"Midland/Odessa, TX",-3,-15,125,113
19,3,Southwest,MDW,"Chicago, IL",OAK,"Oakland, CA",5,-20,280,255
19,3,Southwest,OAK,"Oakland, CA",AUS,"Austin, TX",5,9,205,209
19,3,Southwest,PHX,"Phoenix, AZ",SNA,"Santa Ana, CA",-5,-13,80,72
21,5,Southwest,PHX,"Phoenix, AZ",SMF,"Sacramento, CA",-5,-11,115,109
21,5,Southwest,SFO,"San Francisco, CA",LAX,"Los Angeles, CA",26,30,85,89
2,7,Southwest,TPA,"Tampa, FL",MDW,"Chicago, IL",-3,-7,160,156
3,1,Southwest,BUF,"Buffalo, NY",BWI,"Baltimore, MD",43,42,65,64
22,6,Southwest,LAS,"Las Vegas, NV",DAL,"Dallas, TX",-5,-29,165,141
22,6,Southwest,AUS,"Austin, TX",SAN,"San Diego, CA",0,-16,180,164
22,6,Southwest,DAL,"Dallas, TX",BNA,"Nashville, TN",8,-1,105,96
22,6,Southwest,HOU,"Houston, TX",DAL,"Dallas, TX",2,-3,60,55
22,6,Southwest,ISP,"Islip, NY",MCO,"Orlando, FL",-2,-19,165,148
23,7,Southwest,DCA,"Washington, DC",HOU,"Houston, TX",3,-8,200,189
21,5,Southwest,MEM,"Memphis, TN",TPA,"Tampa, FL",-3,-13,110,100
22,6,Southwest,SEA,"Seattle, WA",SJC,"San Jose, CA",6,17,130,141
23,7,Southwest,ABQ,"Albuquerque, NM",PDX,"Portland, OR",5,-6,170,159
23,7,Southwest,ATL,"Atlanta, GA",DEN,"Denver, CO",82,66,200,184
23,7,Southwest,SAN,"San Diego, CA",PHX,"Phoenix, AZ",-1,-11,75,65
23,7,Southwest,SAN,"San Diego, CA",SFO,"San Francisco, CA",2,-7,85,76
23,7,Southwest,SNA,"Santa Ana, CA",SJC,"San Jose, CA",19,16,70,67
23,7,Southwest,DEN,"Denver, CO",OAK,"Oakland, CA",-2,-4,155,153
24,1,Southwest,DEN,"Denver, CO",LAS,"Las Vegas, NV",-7,-20,110,97
23,7,Southwest,MDW,"Chicago, IL",HOU,"Houston, TX",34,23,160,149
23,7,Southwest,MSY,"New Orleans, LA",TPA,"Tampa, FL",9,9,90,90
24,1,Southwest,MDW,"Chicago, IL",LAX,"Los Angeles, CA",-2,-26,270,246
24,1,Southwest,MSY,"New Orleans, LA",EWR,"Newark, NJ",-2,-20,180,162
24,1,Southwest,OMA,"Omaha, NE",LAS,"Las Vegas, NV",-3,-16,175,162
24,1,Southwest,PHL,"Philadelphia, PA",STL,"St. Louis, MO",1,-6,155,148
24,1,Southwest,PHX,"Phoenix, AZ",DEN,"Denver, CO",-3,-8,105,100
25,2,Southwest,BWI,"Baltimore, MD",GSP,"Greer, SC",-1,0,90,91
25,2,Southwest,DEN,"Denver, CO",IND,"Indianapolis, IN",76,74,140,138
24,1,Southwest,SNA,"Santa Ana, CA",SJC,"San Jose, CA",-4,-9,70,65
25,2,Southwest,AUS,"Austin, TX",PHX,"Phoenix, AZ",30,18,145,133
25,2,Southwest,PHX,"Phoenix, AZ",DEN,"Denver, CO",-3,-5,105,103
25,2,Southwest,MDW,"Chicago, IL",MSY,"New Orleans, LA",2,-13,135,120
26,3,Southwest,DEN,"Denver, CO",MDW,"Chicago, IL",0,-9,145,136
26,3,Southwest,ATL,"Atlanta, GA",TPA,"Tampa, FL",-4,-1,80,83
26,3,Southwest,BNA,"Nashville, TN",BWI,"Baltimore, MD",-2,-1,105,106
26,3,Southwest,BUF,"Buffalo, NY",MCO,"Orlando, FL",-4,-14,160,150
26,3,Southwest,BWI,"Baltimore, MD",ATL,"Atlanta, GA",-8,-18,120,110
26,3,Southwest,DAL,"Dallas, TX",AMA,"Amarillo, TX",0,-6,70,64
22,6,Southwest,ATL,"Atlanta, GA",PHL,"Philadelphia, PA",-3,-16,130,117
26,3,Southwest,ONT,"Ontario, CA",SMF,"Sacramento, CA",-4,-11,75,68
7,5,Southwest,BWI,"Baltimore, MD",SEA,"Seattle, WA",1,-5,345,339
27,4,Southwest,LAS,"Las Vegas, NV",MAF,"Midland/Odessa, TX",3,8,125,130
26,3,Southwest,LAS,"Las Vegas, NV",SFO,"San Francisco, CA",-3,-20,100,83
27,4,Southwest,PIT,"Pittsburgh, PA",MDW,"Chicago, IL",-6,-21,90,75
26,3,Southwest,STL,"St. Louis, MO",MDW,"Chicago, IL",-4,-5,70,69
28,5,Southwest,DAL,"Dallas, TX",BNA,"Nashville, TN",3,2,105,104
28,5,Southwest,LAS,"Las Vegas, NV",RNO,"Reno, NV",-4,-13,75,66
29,6,Southwest,BWI,"Baltimore, MD",PBI,"West Palm Beach/Palm Beach, FL",4,-9,155,142
27,4,Southwest,MKE,"Milwaukee, WI",BWI,"Baltimore, MD",0,-13,115,102
28,5,Southwest,RDU,"Raleigh/Durham, NC",DEN,"Denver, CO",-4,-25,225,204
28,5,Southwest,SLC,"Salt Lake City, UT",LAS,"Las Vegas, NV",-3,-17,80,66
29,6,Southwest,SEA,"Seattle, WA",SAN,"San Diego, CA",1,21,165,185
30,7,Southwest,PHX,"Phoenix, AZ",AUS,"Austin, TX",1,-4,135,130
30,7,Southwest,PHX,"Phoenix, AZ",SNA,"Santa Ana, CA",-8,8,70,86
30,7,Southwest,SMF,"Sacramento, CA",SEA,"Seattle, WA",-2,-5,110,107
30,7,Southwest,BWI,"Baltimore, MD",FLL,"Fort Lauderdale, FL",-5,-3,150,152
30,7,Southwest,DCA,"Washington, DC",DAL,"Dallas, TX",-7,-16,195,186
16,7,Southwest,MSY,"New Orleans, LA",PHX,"Phoenix, AZ",-2,-25,200,177
20,4,Southwest,HOU,"Houston, TX",ATL,"Atlanta, GA",1,52,120,171
20,4,Southwest,STL,"St. Louis, MO",DAL,"Dallas, TX",-5,12,100,117
30,7,Southwest,LGA,"New York, NY",MDW,"Chicago, IL",-3,-20,140,123
30,7,Southwest,MDW,"Chicago, IL",FLL,"Fort Lauderdale, FL",-1,-1,175,175
10,1,Southwest,MDW,"Chicago, IL",PHL,"Philadelphia, PA",16,2,110,96
11,2,Southwest,DAL,"Dallas, TX",AUS,"Austin, TX",-3,0,50,53
11,2,Southwest,DEN,"Denver, CO",SLC,"Salt Lake City, UT",-3,0,90,93
11,2,Southwest,DEN,"Denver, CO",TUL,"Tulsa, OK",1,0,90,89
11,2,Southwest,HOU,"Houston, TX",HRL,"Harlingen/San Benito, TX",9,1,60,52
11,2,Southwest,LAS,"Las Vegas, NV",MDW,"Chicago, IL",57,44,205,192
31,1,Southwest,DAL,"Dallas, TX",STL,"St. Louis, MO",0,-7,100,93
31,1,Southwest,DEN,"Denver, CO",LAX,"Los Angeles, CA",-1,3,145,149
31,1,Southwest,DEN,"Denver, CO",MDW,"Chicago, IL",-4,-6,140,138
25,2,Southwest,SNA,"Santa Ana, CA",LAS,"Las Vegas, NV",-4,-6,60,58
29,6,Southwest,MDW,"Chicago, IL",CLE,"Cleveland, OH",-4,-16,70,58
31,1,Southwest,PDX,"Portland, OR",SJC,"San Jose, CA",-1,-8,105,98
31,1,Southwest,RDU,"Raleigh/Durham, NC",PHX,"Phoenix, AZ",-1,-33,280,248
31,1,Southwest,LAX,"Los Angeles, CA",SAT,"San Antonio, TX",-7,-19,170,158
31,1,Southwest,MDW,"Chicago, IL",BNA,"Nashville, TN",0,-4,80,76
31,1,Southwest,SEA,"Seattle, WA",DEN,"Denver, CO",-3,-8,155,150
31,1,Southwest,STL,"St. Louis, MO",LGA,"New York, NY",0,-4,145,141
29,6,Frontier,LAS,"Las Vegas, NV",CLE,"Cleveland, OH",-8,-12,240,236
29,6,Hawaiian,HNL,"Honolulu, HI",OGG,"Kahului, HI",-7,-11,41,37
22,6,Hawaiian,LIH,"Lihue, HI",HNL,"Honolulu, HI",-4,-2,32,34
26,3,Frontier,LGA,"New York, NY",ATL,"Atlanta, GA",-12,-14,155,153
26,3,Hawaiian,HNL,"Honolulu, HI",KOA,"Kona, HI",-7,-7,43,43
31,1,Hawaiian,OGG,"Kahului, HI",HNL,"Honolulu, HI",-14,-16,34,32
3,1,Hawaiian,HNL,"Honolulu, HI",OGG,"Kahului, HI",-8,-8,36,36
29,6,Hawaiian,OGG,"Kahului, HI",HNL,"Honolulu, HI",-14,-16,33,31
18,2,Hawaiian,OGG,"Kahului, HI",LAX,"Los Angeles, CA",-2,-1,310,311
29,6,Hawaiian,HNL,"Honolulu, HI",LIH,"Lihue, HI",-5,-4,37,38
18,2,Hawaiian,LIH,"Lihue, HI",HNL,"Honolulu, HI",-3,-2,32,33
9,7,Hawaiian,KOA,"Kona, HI",HNL,"Honolulu, HI",-9,-12,44,41
16,7,Hawaiian,HNL,"Honolulu, HI",OGG,"Kahului, HI",-7,1,39,47
4,2,Hawaiian,LIH,"Lihue, HI",HNL,"Honolulu, HI",-9,-7,33,35
30,7,Hawaiian,HNL,"Honolulu, HI",OGG,"Kahului, HI",-6,0,37,43
31,1,Hawaiian,HNL,"Honolulu, HI",ITO,"Hilo, HI",-11,-9,53,55
30,7,Hawaiian,OGG,"Kahului, HI",LIH,"Lihue, HI",-1,-2,45,44
15,6,Hawaiian,OGG,"Kahului, HI",KOA,"Kona, HI",-4,-3,32,33
20,4,American Eagle,DFW,"Dallas/Fort Worth, TX",MOB,"Mobile, AL",4,-12,107,91
27,4,Hawaiian,HNL,"Honolulu, HI",ITO,"Hilo, HI",-5,0,51,56
14,5,Hawaiian,LIH,"Lihue, HI",HNL,"Honolulu, HI",32,38,34,40
26,3,Hawaiian,HNL,"Honolulu, HI",LIH,"Lihue, HI",-11,-9,42,44
27,4,American Eagle,ORD,"Chicago, IL",GRR,"Grand Rapids, MI",14,4,55,45
6,4,American Eagle,LGA,"New York, NY",GSO,"Greensboro/High Point, NC",-16,-13,104,107
23,7,American Eagle,ORD,"Chicago, IL",CMH,"Columbus, OH",-2,-18,81,65
8,6,American Eagle,STL,"St. Louis, MO",ORD,"Chicago, IL",-5,-3,80,82
4,2,American Eagle,ORD,"Chicago, IL",TVC,"Traverse City, MI",0,-14,72,58
7,5,American Eagle,TVC,"Traverse City, MI",ORD,"Chicago, IL",-3,-5,75,73
13,4,American Eagle,CHO,"Charlottesville, VA",LGA,"New York, NY",-2,-8,78,72
6,4,American Eagle,FNT,"Flint, MI",ORD,"Chicago, IL",-2,-10,75,67
13,4,Hawaiian,KOA,"Kona, HI",OGG,"Kahului, HI",-6,-5,33,34
3,1,American Eagle,BHM,"Birmingham, AL",MIA,"Miami, FL",34,26,119,111
6,4,American Eagle,COU,"Columbia, MO",DFW,"Dallas/Fort Worth, TX",-12,15,101,128
21,5,American Eagle,SGF,"Springfield, MO",ORD,"Chicago, IL",-4,-16,99,87
14,5,American Eagle,ORD,"Chicago, IL",FAR,"Fargo, ND",-1,-13,115,103
3,1,American Eagle,DFW,"Dallas/Fort Worth, TX",GCK,"Garden City, KS",-5,-20,92,77
19,3,American Eagle,DFW,"Dallas/Fort Worth, TX",PIA,"Peoria, IL",-3,-23,126,106
25,2,American Eagle,ORD,"Chicago, IL",ELP,"El Paso, TX",-2,-10,184,176
24,1,American Eagle,ORD,"Chicago, IL",EWR,"Newark, NJ",-1,-10,123,114
29,6,American Eagle,ORD,"Chicago, IL",BNA,"Nashville, TN",4,-10,89,75
26,3,American Eagle,ORD,"Chicago, IL",CID,"Cedar Rapids/Iowa City, IA",-7,-15,73,65
28,5,American Eagle,CLE,"Cleveland, OH",ORD,"Chicago, IL",-6,-12,91,85
9,7,American Eagle,DFW,"Dallas/Fort Worth, TX",OKC,"Oklahoma City, OK",7,-3,63,53
5,3,American Eagle,ORD,"Chicago, IL",GRR,"Grand Rapids, MI",-3,-19,59,43
25,2,American Eagle,JFK,"New York, NY",CMH,"Columbus, OH",-8,-30,137,115
19,3,American Eagle,ORD,"Chicago, IL",OMA,"Omaha, NE",5,-10,96,81
15,6,American Eagle,ORD,"Chicago, IL",MLI,"Moline, IL",29,13,65,49
2,7,American Eagle,DFW,"Dallas/Fort Worth, TX",BIS,"Bismarck/Mandan, ND",7,7,171,171
7,5,American Eagle,DFW,"Dallas/Fort Worth, TX",BIS,"Bismarck/Mandan, ND",0,-21,171,150
5,3,American Eagle,ORD,"Chicago, IL",TUL,"Tulsa, OK",17,-4,129,108
30,7,American Eagle,DBQ,"Dubuque, IA",ORD,"Chicago, IL",-6,-14,60,52
3,1,American Eagle,DFW,"Dallas/Fort Worth, TX",MTJ,"Montrose/Delta, CO",-2,-12,136,126
22,6,American Eagle,BWI,"Baltimore, MD",ORD,"Chicago, IL",-7,-29,141,119
29,6,American Eagle,ORD,"Chicago, IL",HPN,"White Plains, NY",0,-17,140,123
9,7,American Eagle,LEX,"Lexington, KY",ORD,"Chicago, IL",-5,-27,90,68
12,3,American Eagle,DFW,"Dallas/Fort Worth, TX",GGG,"Longview, TX",0,19,54,73
4,2,American Eagle,DFW,"Dallas/Fort Worth, TX",ROW,"Roswell, NM",-5,-14,95,86
2,7,American Eagle,DFW,"Dallas/Fort Worth, TX",FWA,"Fort Wayne, IN",2,-5,148,141
16,7,Atlantic SE,MKE,"Milwaukee, WI",EWR,"Newark, NJ",46,35,134,123
14,5,Atlantic SE,RIC,"Richmond, VA",EWR,"Newark, NJ",-1,-7,85,79
25,2,Atlantic SE,ORD,"Chicago, IL",CMH,"Columbus, OH",-10,-13,77,74
13,4,Atlantic SE,IAH,"Houston, TX",BTR,"Baton Rouge, LA",-5,-11,67,61
23,7,American Eagle,ORD,"Chicago, IL",XNA,"Fayetteville, AR",6,-11,107,90
6,4,American Eagle,OMA,"Omaha, NE",ORD,"Chicago, IL",22,16,96,90
13,4,American Eagle,ORD,"Chicago, IL",PIT,"Pittsburgh, PA",-2,-2,92,92
21,5,American Eagle,HOU,"Houston, TX",DFW,"Dallas/Fort Worth, TX",0,25,72,97
31,1,American Eagle,CVG,"Cincinnati, OH",DFW,"Dallas/Fort Worth, TX",-7,-16,150,141
22,6,American Eagle,DFW,"Dallas/Fort Worth, TX",CVG,"Cincinnati, OH",-3,-14,144,133
17,1,American Eagle,XNA,"Fayetteville, AR",LGA,"New York, NY",-6,-5,177,178
18,2,American Eagle,DFW,"Dallas/Fort Worth, TX",GRR,"Grand Rapids, MI",75,43,155,123
16,7,American Eagle,ORD,"Chicago, IL",XNA,"Fayetteville, AR",-1,-13,112,100
30,7,American Eagle,XNA,"Fayetteville, AR",ORD,"Chicago, IL",-18,-21,106,103
25,2,American Eagle,DFW,"Dallas/Fort Worth, TX",LFT,"Lafayette, LA",-3,4,84,91
25,2,American Eagle,COU,"Columbia, MO",DFW,"Dallas/Fort Worth, TX",-9,-13,107,103
19,3,Spirit,FLL,"Fort Lauderdale, FL",ACY,"Atlantic City, NJ",-4,4,151,159
16,7,Spirit,MSP,"Minneapolis, MN",IAH,"Houston, TX",33,48,159,174
29,6,Spirit,ACY,"Atlantic City, NJ",MCO,"Orlando, FL",2,12,136,146
18,2,American Eagle,DTW,"Detroit, MI",LGA,"New York, NY",22,19,109,106
28,5,American Eagle,EVV,"Evansville, IN",ORD,"Chicago, IL",-9,-27,93,75
1,6,Spirit,MYR,"Myrtle Beach, SC",BOS,"Boston, MA",-6,-14,118,110
12,3,Spirit,LAS,"Las Vegas, NV",DTW,"Detroit, MI",-4,0,234,238
22,6,Spirit,DTW,"Detroit, MI",LGA,"New York, NY",-3,2,95,100
14,5,Spirit,DFW,"Dallas/Fort Worth, TX",FLL,"Fort Lauderdale, FL",31,21,176,166
24,1,Spirit,FLL,"Fort Lauderdale, FL",ORD,"Chicago, IL",-7,-20,190,177
17,1,Spirit,MYR,"Myrtle Beach, SC",BWI,"Baltimore, MD",-6,-12,85,79
23,7,Spirit,MSP,"Minneapolis, MN",DEN,"Denver, CO",87,73,126,112
10,1,Spirit,DEN,"Denver, CO",ORD,"Chicago, IL",2,-12,147,133
14,5,Spirit,IAG,"Niagara Falls, NY",FLL,"Fort Lauderdale, FL",-5,-11,170,164
3,1,Spirit,FLL,"Fort Lauderdale, FL",MSY,"New Orleans, LA",-5,3,114,122
1,6,Spirit,MCI,"Kansas City, MO",IAH,"Houston, TX",-5,-11,116,110
21,5,Spirit,ORD,"Chicago, IL",MSP,"Minneapolis, MN",38,38,85,85
6,4,American Eagle,TOL,"Toledo, OH",ORD,"Chicago, IL",2,5,75,78
2,7,American Eagle,XNA,"Fayetteville, AR",DFW,"Dallas/Fort Worth, TX",-7,-21,76,62
12,3,American Eagle,DFW,"Dallas/Fort Worth, TX",SJT,"San Angelo, TX",-3,-13,67,57
3,1,SkyWest,PHX,"Phoenix, AZ",FLG,"Flagstaff, AZ",-7,1,49,57
22,6,SkyWest,BNA,"Nashville, TN",MSP,"Minneapolis, MN",-3,-12,133,124
23,7,SkyWest,SEA,"Seattle, WA",BOI,"Boise, ID",15,3,87,75
23,7,SkyWest,PSP,"Palm Springs, CA",PHX,"Phoenix, AZ",-7,10,82,99
19,3,SkyWest,RAP,"Rapid City, SD",MSP,"Minneapolis, MN",22,44,93,115
5,3,SkyWest,LAX,"Los Angeles, CA",SAN,"San Diego, CA",-3,-9,56,50
12,3,SkyWest,LAX,"Los Angeles, CA",SAN,"San Diego, CA",18,17,56,55
14,5,SkyWest,DEN,"Denver, CO",SGF,"Springfield, MO",2,15,111,124
14,5,SkyWest,ORD,"Chicago, IL",DFW,"Dallas/Fort Worth, TX",1,-10,149,138
17,1,SkyWest,PDX,"Portland, OR",BUR,"Burbank, CA",-5,-17,132,120
11,2,SkyWest,IDA,"Idaho Falls, ID",SLC,"Salt Lake City, UT",-3,4,63,70
26,3,SkyWest,LAX,"Los Angeles, CA",OAK,"Oakland, CA",-7,3,85,95
20,4,SkyWest,ORD,"Chicago, IL",EAU,"Eau Claire, WI",0,2,76,78
25,2,SkyWest,PHX,"Phoenix, AZ",LAX,"Los Angeles, CA",-2,-9,90,83
17,1,SkyWest,ASE,"Aspen, CO",DEN,"Denver, CO",-6,15,53,74
11,2,SkyWest,MSP,"Minneapolis, MN",ICT,"Wichita, KS",-3,-18,116,101
8,6,SkyWest,MSP,"Minneapolis, MN",DSM,"Des Moines, IA",-5,-8,67,64
28,5,SkyWest,RDD,"Redding, CA",SFO,"San Francisco, CA",-3,-7,70,66
3,1,SkyWest,ORD,"Chicago, IL",CHS,"Charleston, SC",-4,-12,131,123
20,4,SkyWest,HLN,"Helena, MT",SLC,"Salt Lake City, UT",-8,-12,76,72
25,2,SkyWest,LAX,"Los Angeles, CA",SMF,"Sacramento, CA",12,22,93,103
9,7,SkyWest,PHX,"Phoenix, AZ",SBP,"San Luis Obispo, CA",-3,5,97,105
8,6,SkyWest,PSC,"Pasco/Kennewick/Richland, WA",DEN,"Denver, CO",0,1,137,138
26,3,SkyWest,FAT,"Fresno, CA",DEN,"Denver, CO",-6,12,140,158
3,1,American Eagle,ORD,"Chicago, IL",OKC,"Oklahoma City, OK",20,18,119,117
30,7,American Eagle,ORD,"Chicago, IL",EVV,"Evansville, IN",-7,-18,75,64
25,2,American Eagle,ORD,"Chicago, IL",CVG,"Cincinnati, OH",-3,-16,76,63
29,6,SkyWest,IAH,"Houston, TX",SAT,"San Antonio, TX",-17,-14,63,66
18,2,Atlantic SE,MSN,"Madison, WI",ATL,"Atlanta, GA",33,55,129,151
11,2,Atlantic SE,ORD,"Chicago, IL",OMA,"Omaha, NE",-2,-9,93,86
16,7,Atlantic SE,OKC,"Oklahoma City, OK",ORD,"Chicago, IL",-3,-5,131,129
24,1,SkyWest,SFO,"San Francisco, CA",EUG,"Eugene, OR",-5,-27,99,77
9,7,SkyWest,MSP,"Minneapolis, MN",BIS,"Bismarck/Mandan, ND",-2,6,86,94
5,3,SkyWest,DTW,"Detroit, MI",MSN,"Madison, WI",-4,-14,76,66
27,4,SkyWest,LAX,"Los Angeles, CA",SBP,"San Luis Obispo, CA",-8,-5,58,61
26,3,SkyWest,MRY,"Monterey, CA",LAX,"Los Angeles, CA",80,68,78,66
3,1,SkyWest,DEN,"Denver, CO",DSM,"Des Moines, IA",-8,1,107,116
6,4,SkyWest,LAX,"Los Angeles, CA",SAT,"San Antonio, TX",-7,-4,180,183
24,1,SkyWest,MSP,"Minneapolis, MN",ISN,"Williston, ND",-6,-23,114,97
20,4,SkyWest,MSP,"Minneapolis, MN",GFK,"Grand Forks, ND",-2,-4,72,70
9,7,SkyWest,VPS,"Valparaiso, FL",IAH,"Houston, TX",-2,-4,103,101
11,2,SkyWest,LAX,"Los Angeles, CA",SAN,"San Diego, CA",2,-12,52,38
4,2,SkyWest,LAX,"Los Angeles, CA",SAN,"San Diego, CA",45,52,52,59
12,3,SkyWest,EUG,"Eugene, OR",SFO,"San Francisco, CA",-3,11,99,113
7,5,SkyWest,SFO,"San Francisco, CA",BFL,"Bakersfield, CA",4,3,77,76
10,1,SkyWest,TUS,"Tucson, AZ",SLC,"Salt Lake City, UT",-4,-12,109,101
1,6,SkyWest,PHX,"Phoenix, AZ",SEA,"Seattle, WA",-4,-14,180,170
15,6,SkyWest,JAX,"Jacksonville, FL",ORD,"Chicago, IL",0,1,150,151
20,4,SkyWest,SLC,"Salt Lake City, UT",SMF,"Sacramento, CA",70,62,107,99
23,7,SkyWest,MOT,"Minot, ND",MSP,"Minneapolis, MN",0,3,85,88
18,2,SkyWest,JAC,"Jackson, WY",LAX,"Los Angeles, CA",-6,-10,149,145
26,3,SkyWest,CVG,"Cincinnati, OH",BNA,"Nashville, TN",-4,-12,66,58
12,3,SkyWest,SNA,"Santa Ana, CA",SLC,"Salt Lake City, UT",-8,-18,105,95
10,1,SkyWest,DTW,"Detroit, MI",ATW,"Appleton, WI",-8,-7,86,87
28,5,SkyWest,YUM,"Yuma, AZ",PHX,"Phoenix, AZ",-8,-19,54,43
13,4,SkyWest,PHX,"Phoenix, AZ",SBA,"Santa Barbara, CA",-4,-12,96,88
23,7,SkyWest,DEN,"Denver, CO",GCC,"Gillette, WY",-12,-25,80,67
21,5,SkyWest,LGB,"Long Beach, CA",SLC,"Salt Lake City, UT",-6,-2,112,116
5,3,SkyWest,SLC,"Salt Lake City, UT",LGB,"Long Beach, CA",20,14,116,110
16,7,SkyWest,SLC,"Salt Lake City, UT",EKO,"Elko, NV",-3,-7,52,48
7,5,SkyWest,SFO,"San Francisco, CA",SLC,"Salt Lake City, UT",-6,7,107,120
8,6,SkyWest,CVG,"Cincinnati, OH",IAH,"Houston, TX",-4,-16,147,135
16,7,SkyWest,SBA,"Santa Barbara, CA",LAX,"Los Angeles, CA",-10,13,57,80
14,5,SkyWest,DFW,"Dallas/Fort Worth, TX",LAX,"Los Angeles, CA",1,-16,199,182
26,3,SkyWest,LSE,"La Crosse, WI",MSP,"Minneapolis, MN",1,10,55,64
6,4,SkyWest,ORD,"Chicago, IL",ICT,"Wichita, KS",-1,-16,116,101
1,6,SkyWest,DEN,"Denver, CO",LNK,"Lincoln, NE",-10,-15,83,78
12,3,SkyWest,DSM,"Des Moines, IA",DEN,"Denver, CO",22,3,118,99
24,1,SkyWest,DSM,"Des Moines, IA",DEN,"Denver, CO",-2,-3,118,117
16,7,SkyWest,ICT,"Wichita, KS",DEN,"Denver, CO",6,-6,91,79
3,1,SkyWest,SFO,"San Francisco, CA",MSP,"Minneapolis, MN",23,14,238,229
17,1,SkyWest,SMX,"Santa Maria, CA",SFO,"San Francisco, CA",0,-2,66,64
26,3,SkyWest,LBB,"Lubbock, TX",DEN,"Denver, CO",20,26,93,99
5,3,SkyWest,MSP,"Minneapolis, MN",BRD,"Brainerd, MN",-1,-8,52,45
25,2,SkyWest,SFO,"San Francisco, CA",RNO,"Reno, NV",-5,-14,60,51
9,7,SkyWest,SLC,"Salt Lake City, UT",BUR,"Burbank, CA",-2,-6,119,115
6,4,American Eagle,ORD,"Chicago, IL",CVG,"Cincinnati, OH",9,19,72,82
26,3,American Eagle,DFW,"Dallas/Fort Worth, TX",LCH,"Lake Charles, LA",3,-2,72,67
21,5,SkyWest,EUG,"Eugene, OR",SLC,"Salt Lake City, UT",-10,-14,107,103
28,5,SkyWest,DEN,"Denver, CO",MOT,"Minot, ND",-5,-13,118,110
22,6,SkyWest,SFO,"San Francisco, CA",PDX,"Portland, OR",-1,5,118,124
25,2,SkyWest,LAX,"Los Angeles, CA",SLC,"Salt Lake City, UT",2,-2,110,106
23,7,SkyWest,ORD,"Chicago, IL",CVG,"Cincinnati, OH",1,-5,77,71
27,4,SkyWest,SLC,"Salt Lake City, UT",STL,"St. Louis, MO",23,14,173,164
6,4,SkyWest,FAT,"Fresno, CA",SLC,"Salt Lake City, UT",-4,2,95,101
22,6,SkyWest,SEA,"Seattle, WA",FAT,"Fresno, CA",-3,-2,125,126
31,1,SkyWest,BOI,"Boise, ID",SLC,"Salt Lake City, UT",-5,-7,67,65
6,4,SkyWest,SEA,"Seattle, WA",SJC,"San Jose, CA",0,1,129,130
8,6,SkyWest,LAX,"Los Angeles, CA",DFW,"Dallas/Fort Worth, TX",3,12,185,194
1,6,SkyWest,BOI,"Boise, ID",ORD,"Chicago, IL",-3,-3,208,208
8,6,SkyWest,LAX,"Los Angeles, CA",SFO,"San Francisco, CA",-4,-9,85,80
1,6,SkyWest,IAH,"Houston, TX",SLC,"Salt Lake City, UT",4,-9,187,174
6,4,SkyWest,ORD,"Chicago, IL",MKE,"Milwaukee, WI",-5,-19,48,34
13,4,SkyWest,SLC,"Salt Lake City, UT",COS,"Colorado Springs, CO",20,15,102,97
23,7,SkyWest,SLC,"Salt Lake City, UT",PHX,"Phoenix, AZ",-6,-10,105,101
20,4,SkyWest,SMF,"Sacramento, CA",LAX,"Los Angeles, CA",56,50,95,89
22,6,SkyWest,MOT,"Minot, ND",DEN,"Denver, CO",-15,-7,114,122
20,4,SkyWest,BIS,"Bismarck/Mandan, ND",DEN,"Denver, CO",-10,-19,104,95
12,3,SkyWest,SFO,"San Francisco, CA",EUG,"Eugene, OR",-5,-23,98,80
12,3,SkyWest,DEN,"Denver, CO",TUS,"Tucson, AZ",68,65,122,119
17,1,SkyWest,SLC,"Salt Lake City, UT",SFO,"San Francisco, CA",-3,1,122,126
12,3,SkyWest,SNA,"Santa Ana, CA",SFO,"San Francisco, CA",-7,-12,87,82
16,7,SkyWest,IDA,"Idaho Falls, ID",DEN,"Denver, CO",77,66,93,82
22,6,SkyWest,EUG,"Eugene, OR",SFO,"San Francisco, CA",-2,-12,96,86
23,7,American Eagle,ORD,"Chicago, IL",RST,"Rochester, MN",-2,-26,86,62
26,3,SkyWest,MSP,"Minneapolis, MN",HIB,"Hibbing, MN",-3,-5,62,60
3,1,SkyWest,SFO,"San Francisco, CA",BUR,"Burbank, CA",19,13,85,79
31,1,UA,DEN,"Denver, CO",EWR,"Newark, NJ",2,-4,229,223
29,6,UA,BOS,"Boston, MA",IAH,"Houston, TX",-6,-24,246,228
29,6,UA,MCI,"Kansas City, MO",IAH,"Houston, TX",-5,-23,125,107
31,1,UA,BOS,"Boston, MA",IAH,"Houston, TX",48,16,251,219
31,1,UA,IAH,"Houston, TX",ORD,"Chicago, IL",-3,-20,164,147
31,1,UA,SFO,"San Francisco, CA",LAS,"Las Vegas, NV",64,48,93,77
31,1,UA,IAH,"Houston, TX",DFW,"Dallas/Fort Worth, TX",69,47,77,55
28,5,UA,IAH,"Houston, TX",FLL,"Fort Lauderdale, FL",0,-5,149,144
30,7,UA,ORD,"Chicago, IL",EWR,"Newark, NJ",-4,-9,130,125
30,7,UA,LAX,"Los Angeles, CA",SFO,"San Francisco, CA",-2,-17,89,74
30,7,UA,RDU,"Raleigh/Durham, NC",SFO,"San Francisco, CA",-7,-33,349,323
30,7,UA,LAS,"Las Vegas, NV",ORD,"Chicago, IL",-1,2,226,229
30,7,UA,SFO,"San Francisco, CA",ORD,"Chicago, IL",4,-24,263,235
29,6,UA,DEN,"Denver, CO",GRR,"Grand Rapids, MI",-3,-11,148,140
27,4,UA,ORD,"Chicago, IL",PHL,"Philadelphia, PA",-8,-14,136,130
27,4,UA,ORD,"Chicago, IL",LGA,"New York, NY",10,13,130,133
27,4,UA,KOA,"Kona, HI",LAX,"Los Angeles, CA",0,-28,315,287
27,4,UA,LAS,"Las Vegas, NV",IAH,"Houston, TX",-6,-1,179,184
27,4,UA,ORD,"Chicago, IL",BWI,"Baltimore, MD",13,16,118,121
27,4,UA,IAH,"Houston, TX",DEN,"Denver, CO",3,0,150,147
27,4,UA,BOS,"Boston, MA",ORD,"Chicago, IL",23,5,163,145
27,4,UA,LAX,"Los Angeles, CA",IAH,"Houston, TX",30,24,195,189
28,5,UA,SNA,"Santa Ana, CA",SFO,"San Francisco, CA",-7,-26,95,76
28,5,UA,ORD,"Chicago, IL",PDX,"Portland, OR",-10,-16,265,259
27,4,UA,SFO,"San Francisco, CA",IAH,"Houston, TX",-2,-17,234,219
27,4,UA,ALB,"Albany, NY",ORD,"Chicago, IL",5,-4,137,128
27,4,UA,SAN,"San Diego, CA",EWR,"Newark, NJ",-2,1,315,318
26,3,UA,IAH,"Houston, TX",SFO,"San Francisco, CA",0,-7,248,241
26,3,UA,EWR,"Newark, NJ",LAS,"Las Vegas, NV",-6,-30,334,310
26,3,UA,ORD,"Chicago, IL",BWI,"Baltimore, MD",0,-14,120,106
26,3,UA,ORD,"Chicago, IL",SFO,"San Francisco, CA",6,10,278,282
25,2,UA,SFO,"San Francisco, CA",LAX,"Los Angeles, CA",-3,-2,92,93
25,2,UA,TPA,"Tampa, FL",IAH,"Houston, TX",0,7,137,144
23,7,UA,IAH,"Houston, TX",DEN,"Denver, CO",-4,-6,149,147
23,7,UA,IAH,"Houston, TX",LGA,"New York, NY",15,3,214,202
23,7,UA,ORD,"Chicago, IL",IAH,"Houston, TX",6,21,163,178
23,7,UA,SFO,"San Francisco, CA",BOS,"Boston, MA",-1,-11,335,325
22,6,UA,HNL,"Honolulu, HI",SFO,"San Francisco, CA",-5,-14,305,296
21,5,UA,RNO,"Reno, NV",DEN,"Denver, CO",-5,6,126,137
21,5,UA,DEN,"Denver, CO",DSM,"Des Moines, IA",1,0,104,103
20,4,UA,LAX,"Los Angeles, CA",IAH,"Houston, TX",0,5,197,202
21,5,UA,ORD,"Chicago, IL",EWR,"Newark, NJ",-3,-20,146,129
19,3,UA,JFK,"New York, NY",SFO,"San Francisco, CA",11,-19,390,360
19,3,UA,ATL,"Atlanta, GA",SFO,"San Francisco, CA",3,-5,321,313
18,2,UA,PBI,"West Palm Beach/Palm Beach, FL",EWR,"Newark, NJ",-8,-16,171,163
17,1,UA,LGA,"New York, NY",ORD,"Chicago, IL",-9,-45,159,123
20,4,UA,LAS,"Las Vegas, NV",SFO,"San Francisco, CA",13,6,103,96
20,4,UA,LAX,"Los Angeles, CA",EWR,"Newark, NJ",12,14,332,334
18,2,UA,LAX,"Los Angeles, CA",DEN,"Denver, CO",-4,6,144,154
17,1,UA,IAD,"Washington, DC",HNL,"Honolulu, HI",17,3,614,600
17,1,UA,BOS,"Boston, MA",ORD,"Chicago, IL",-3,-22,162,143
17,1,UA,BOS,"Boston, MA",IAH,"Houston, TX",1,-10,245,234
17,1,UA,IAH,"Houston, TX",EWR,"Newark, NJ",2,16,232,246
15,6,UA,LAX,"Los Angeles, CA",IAH,"Houston, TX",-13,-32,213,194
15,6,UA,EWR,"Newark, NJ",MCO,"Orlando, FL",16,48,165,197
15,6,UA,CLE,"Cleveland, OH",SJU,"San Juan, PR",-6,-17,255,244
17,1,UA,EWR,"Newark, NJ",IAH,"Houston, TX",6,1,224,219
17,1,UA,GEG,"Spokane, WA",DEN,"Denver, CO",0,-12,131,119
15,6,UA,MCO,"Orlando, FL",EWR,"Newark, NJ",82,73,179,170
14,5,UA,EWR,"Newark, NJ",SAN,"San Diego, CA",10,-38,357,309
24,1,Spirit,SJU,"San Juan, PR",MCO,"Orlando, FL",-5,-12,181,174
23,7,Spirit,ORD,"Chicago, IL",DFW,"Dallas/Fort Worth, TX",26,37,134,145
24,1,Spirit,MCI,"Kansas City, MO",DFW,"Dallas/Fort Worth, TX",-4,4,93,101
11,2,UA,MSY,"New Orleans, LA",IAD,"Washington, DC",4,-9,154,141
11,2,UA,LAX,"Los Angeles, CA",ORD,"Chicago, IL",-1,8,249,258
11,2,UA,OKC,"Oklahoma City, OK",DEN,"Denver, CO",-6,-9,97,94
12,3,UA,LGA,"New York, NY",ORD,"Chicago, IL",16,-11,171,144
12,3,UA,IAH,"Houston, TX",LAX,"Los Angeles, CA",19,16,198,195
12,3,UA,LAX,"Los Angeles, CA",JFK,"New York, NY",-9,-25,332,316
12,3,UA,IAH,"Houston, TX",DEN,"Denver, CO",59,31,162,134
11,2,UA,IAD,"Washington, DC",RDU,"Raleigh/Durham, NC",0,14,67,81
8,6,UA,ORD,"Chicago, IL",MSP,"Minneapolis, MN",-1,-1,101,101
8,6,UA,FLL,"Fort Lauderdale, FL",EWR,"Newark, NJ",-4,-16,184,172
8,6,UA,SFO,"San Francisco, CA",LAX,"Los Angeles, CA",8,-2,99,89
8,6,UA,MCO,"Orlando, FL",ORD,"Chicago, IL",1,-9,175,165
11,2,UA,DEN,"Denver, CO",LAX,"Los Angeles, CA",4,9,146,151
9,7,UA,MCO,"Orlando, FL",SFO,"San Francisco, CA",17,6,341,330
9,7,UA,SAT,"San Antonio, TX",EWR,"Newark, NJ",-6,-10,243,239
9,7,UA,SFO,"San Francisco, CA",ORD,"Chicago, IL",21,-5,256,230
10,1,UA,DEN,"Denver, CO",JAC,"Jackson, WY",6,2,84,80
10,1,UA,DCA,"Washington, DC",ORD,"Chicago, IL",-3,-4,123,122
9,7,UA,ANC,"Anchorage, AK",DEN,"Denver, CO",2,4,314,316
9,7,UA,SFO,"San Francisco, CA",SEA,"Seattle, WA",34,12,123,101
8,6,UA,IAH,"Houston, TX",FLL,"Fort Lauderdale, FL",-9,-8,154,155
6,4,Delta,JFK,"New York, NY",SLC,"Salt Lake City, UT",-1,-11,328,318
6,4,Delta,ATL,"Atlanta, GA",MEM,"Memphis, TN",10,30,88,108
7,5,Delta,MCO,"Orlando, FL",DTW,"Detroit, MI",-3,38,162,203
7,5,Delta,JFK,"New York, NY",SJU,"San Juan, PR",0,-14,233,219
7,5,Delta,MSP,"Minneapolis, MN",BOS,"Boston, MA",-3,5,164,172
7,5,Delta,CLT,"Charlotte, NC",DTW,"Detroit, MI",0,2,111,113
7,5,Delta,SMF,"Sacramento, CA",ATL,"Atlanta, GA",-5,-15,265,255
5,3,Delta,TVC,"Traverse City, MI",DTW,"Detroit, MI",0,3,65,68
6,4,Delta,CMH,"Columbus, OH",ATL,"Atlanta, GA",-1,-21,106,86
7,5,Delta,JAX,"Jacksonville, FL",ATL,"Atlanta, GA",-2,-26,83,59
7,5,Delta,BOS,"Boston, MA",DTW,"Detroit, MI",0,1,125,126
7,5,Delta,ATL,"Atlanta, GA",ORF,"Norfolk, VA",38,39,99,100
7,5,Delta,CLT,"Charlotte, NC",ATL,"Atlanta, GA",-6,-23,80,63
23,7,American,DTW,"Detroit, MI",CLT,"Charlotte, NC",10,19,105,114
23,7,American,PBI,"West Palm Beach/Palm Beach, FL",CLT,"Charlotte, NC",-1,9,109,119
23,7,American,DCA,"Washington, DC",LGA,"New York, NY",-4,-19,90,75
6,4,Delta,SLC,"Salt Lake City, UT",DCA,"Washington, DC",21,9,239,227
8,6,Delta,ATL,"Atlanta, GA",RDU,"Raleigh/Durham, NC",8,1,77,70
9,7,Delta,ATL,"Atlanta, GA",IND,"Indianapolis, IN",-3,-17,95,81
9,7,Delta,JFK,"New York, NY",LAS,"Las Vegas, NV",8,-16,333,309
9,7,Delta,DFW,"Dallas/Fort Worth, TX",SLC,"Salt Lake City, UT",-8,-9,164,163
9,7,Delta,ATL,"Atlanta, GA",PWM,"Portland, ME",-3,-7,155,151
10,1,Delta,MSP,"Minneapolis, MN",MCI,"Kansas City, MO",-1,1,76,78
7,5,Delta,DTW,"Detroit, MI",LGA,"New York, NY",37,31,103,97
9,7,Delta,ATL,"Atlanta, GA",ICT,"Wichita, KS",-4,-8,129,125
11,2,Delta,MKE,"Milwaukee, WI",DTW,"Detroit, MI",-4,-7,71,68
12,3,Delta,RSW,"Fort Myers, FL",ATL,"Atlanta, GA",-5,-20,114,99
12,3,Delta,ATL,"Atlanta, GA",GSO,"Greensboro/High Point, NC",0,-8,77,69
11,2,Delta,ATL,"Atlanta, GA",PNS,"Pensacola, FL",5,-2,71,64
11,2,Delta,FNT,"Flint, MI",ATL,"Atlanta, GA",-4,-14,125,115
11,2,Delta,LGA,"New York, NY",DEN,"Denver, CO",83,41,279,237
18,2,Alaska,GEG,"Spokane, WA",SEA,"Seattle, WA",9,11,59,61
18,2,Alaska,OGG,"Kahului, HI",OAK,"Oakland, CA",-12,-4,294,302
12,3,Delta,ATL,"Atlanta, GA",ORD,"Chicago, IL",-2,-15,125,112
12,3,Delta,DTW,"Detroit, MI",LAX,"Los Angeles, CA",-5,-12,290,283
13,4,Delta,DEN,"Denver, CO",ATL,"Atlanta, GA",24,4,180,160
13,4,Delta,LGA,"New York, NY",FLL,"Fort Lauderdale, FL",-4,14,191,209
13,4,Delta,SDF,"Louisville, KY",ATL,"Atlanta, GA",5,-20,99,74
12,3,Delta,ATL,"Atlanta, GA",DTW,"Detroit, MI",-1,0,114,115
12,3,Delta,DFW,"Dallas/Fort Worth, TX",ATL,"Atlanta, GA",38,27,137,126
12,3,Delta,SLC,"Salt Lake City, UT",DCA,"Washington, DC",0,9,239,248
15,6,Delta,ATL,"Atlanta, GA",LIT,"Little Rock, AR",-2,-17,94,79
15,6,Delta,LGA,"New York, NY",MSP,"Minneapolis, MN",-5,-16,188,177
13,4,Delta,PHX,"Phoenix, AZ",SLC,"Salt Lake City, UT",-11,-16,93,88
15,6,Delta,OKC,"Oklahoma City, OK",ATL,"Atlanta, GA",6,-5,132,121
15,6,Delta,LGA,"New York, NY",ATL,"Atlanta, GA",-1,-26,159,134
15,6,Delta,ATL,"Atlanta, GA",TPA,"Tampa, FL",-5,-15,81,71
16,7,Delta,LAX,"Los Angeles, CA",LAS,"Las Vegas, NV",0,36,70,106
16,7,Delta,JAC,"Jackson, WY",ATL,"Atlanta, GA",-2,13,220,235
16,7,Delta,DTW,"Detroit, MI",MSN,"Madison, WI",-5,-18,76,63
14,5,Delta,MCO,"Orlando, FL",ATL,"Atlanta, GA",33,17,100,84
16,7,Delta,DTW,"Detroit, MI",ATL,"Atlanta, GA",-2,-12,118,108
16,7,Delta,MSP,"Minneapolis, MN",MSN,"Madison, WI",13,38,57,82
15,6,Delta,MSP,"Minneapolis, MN",BZN,"Bozeman, MT",-1,-6,144,139
15,6,Delta,PDX,"Portland, OR",MSP,"Minneapolis, MN",-7,-16,187,178
16,7,Delta,ATL,"Atlanta, GA",BNA,"Nashville, TN",-2,-21,75,56
17,1,Delta,ATL,"Atlanta, GA",ECP,"Panama City, FL",-5,-14,72,63
16,7,Delta,LIH,"Lihue, HI",LAX,"Los Angeles, CA",0,-15,332,317
16,7,Delta,PBI,"West Palm Beach/Palm Beach, FL",ATL,"Atlanta, GA",5,-6,115,104
16,7,Delta,TPA,"Tampa, FL",LGA,"New York, NY",-10,-24,160,146
16,7,Delta,PDX,"Portland, OR",SLC,"Salt Lake City, UT",1,-4,104,99
17,1,Delta,ATL,"Atlanta, GA",SRQ,"Sarasota/Bradenton, FL",-2,-14,91,79
17,1,Delta,ATL,"Atlanta, GA",MEM,"Memphis, TN",-2,-21,89,70
17,1,Delta,ATL,"Atlanta, GA",PBI,"West Palm Beach/Palm Beach, FL",-1,-5,104,100
18,2,Delta,SLC,"Salt Lake City, UT",MCO,"Orlando, FL",9,-8,260,243
18,2,Delta,ATL,"Atlanta, GA",BNA,"Nashville, TN",3,-4,64,57
18,2,Delta,MSP,"Minneapolis, MN",BWI,"Baltimore, MD",-3,-9,147,141
18,2,Delta,LAX,"Los Angeles, CA",MCO,"Orlando, FL",11,1,288,278
18,2,Delta,JFK,"New York, NY",SFO,"San Francisco, CA",-6,-8,378,376
18,2,Delta,LAS,"Las Vegas, NV",ATL,"Atlanta, GA",27,2,246,221
19,3,Delta,SEA,"Seattle, WA",DTW,"Detroit, MI",-3,-3,250,250
19,3,Delta,HSV,"Huntsville, AL",ATL,"Atlanta, GA",-5,-21,67,51
14,5,Delta,LAS,"Las Vegas, NV",ATL,"Atlanta, GA",18,19,248,249
19,3,Delta,DTW,"Detroit, MI",SFO,"San Francisco, CA",5,2,316,313
19,3,Delta,ATL,"Atlanta, GA",LAX,"Los Angeles, CA",-1,-4,286,283
19,3,Delta,SFO,"San Francisco, CA",ATL,"Atlanta, GA",28,24,288,284
9,7,JetBlue,BOS,"Boston, MA",EWR,"Newark, NJ",-1,-24,93,70
10,1,JetBlue,JFK,"New York, NY",SAN,"San Diego, CA",-4,-28,372,348
21,5,Delta,BDL,"Hartford, CT",ATL,"Atlanta, GA",3,-8,153,142
21,5,Delta,ATL,"Atlanta, GA",JAX,"Jacksonville, FL",-2,16,67,85
21,5,Delta,SEA,"Seattle, WA",ANC,"Anchorage, AK",10,7,208,205
21,5,Delta,SFO,"San Francisco, CA",MSP,"Minneapolis, MN",-2,-7,213,208
21,5,Delta,ATL,"Atlanta, GA",MIA,"Miami, FL",30,9,124,103
20,4,Delta,MSP,"Minneapolis, MN",TPA,"Tampa, FL",-5,-9,188,184
22,6,Delta,LAX,"Los Angeles, CA",ATL,"Atlanta, GA",-2,-19,266,249
22,6,Delta,JFK,"New York, NY",SJU,"San Juan, PR",-1,8,233,242
22,6,Delta,ORD,"Chicago, IL",ATL,"Atlanta, GA",-5,-15,119,109
21,5,Delta,DTW,"Detroit, MI",SAT,"San Antonio, TX",-2,1,193,196
21,5,Delta,ATL,"Atlanta, GA",DAY,"Dayton, OH",-1,-6,87,82
21,5,Delta,PHL,"Philadelphia, PA",ATL,"Atlanta, GA",22,13,141,132
21,5,Delta,FLL,"Fort Lauderdale, FL",ATL,"Atlanta, GA",-3,-8,109,104
21,5,Delta,DAL,"Dallas, TX",ATL,"Atlanta, GA",7,-15,133,111
22,6,Delta,ATL,"Atlanta, GA",VPS,"Valparaiso, FL",-3,1,71,75
22,6,Delta,JFK,"New York, NY",DEN,"Denver, CO",-2,-8,280,274
23,7,Delta,DCA,"Washington, DC",ATL,"Atlanta, GA",38,62,118,142
23,7,Delta,DTW,"Detroit, MI",MSP,"Minneapolis, MN",-3,-4,119,118
23,7,Delta,SFO,"San Francisco, CA",MSP,"Minneapolis, MN",-3,-13,219,209
23,7,Delta,RIC,"Richmond, VA",ATL,"Atlanta, GA",35,21,108,94
23,7,Delta,ATL,"Atlanta, GA",BNA,"Nashville, TN",47,47,64,64
23,7,Delta,LAX,"Los Angeles, CA",HNL,"Honolulu, HI",5,4,339,338
24,1,Delta,ATL,"Atlanta, GA",PIT,"Pittsburgh, PA",-3,-12,103,94
23,7,Delta,ATL,"Atlanta, GA",GSO,"Greensboro/High Point, NC",47,45,74,72
24,1,Delta,MSP,"Minneapolis, MN",MKE,"Milwaukee, WI",-6,-13,66,59
24,1,Delta,CLT,"Charlotte, NC",ATL,"Atlanta, GA",45,30,79,64
20,4,Delta,SFO,"San Francisco, CA",MSP,"Minneapolis, MN",-3,-14,213,202
20,4,Delta,ATL,"Atlanta, GA",PHL,"Philadelphia, PA",-2,7,119,128
25,2,Delta,LAX,"Los Angeles, CA",BOS,"Boston, MA",26,19,334,327
24,1,Delta,LGA,"New York, NY",MIA,"Miami, FL",-2,-28,196,170
25,2,Delta,BOS,"Boston, MA",SLC,"Salt Lake City, UT",17,-9,331,305
25,2,Delta,ATL,"Atlanta, GA",DAY,"Dayton, OH",-4,-13,90,81
25,2,Delta,SLC,"Salt Lake City, UT",AUS,"Austin, TX",-9,-23,168,154
27,4,Delta,LAX,"Los Angeles, CA",PDX,"Portland, OR",25,17,137,129
25,2,Delta,ATL,"Atlanta, GA",AUS,"Austin, TX",-5,-14,142,133
27,4,Delta,BHM,"Birmingham, AL",ATL,"Atlanta, GA",-4,-20,74,58
28,5,Delta,SLC,"Salt Lake City, UT",LAS,"Las Vegas, NV",-8,-3,84,89
28,5,Delta,ATL,"Atlanta, GA",DAB,"Daytona Beach, FL",-2,-7,76,71
26,3,Delta,ATL,"Atlanta, GA",MDW,"Chicago, IL",-4,-24,124,104
27,4,Delta,MSP,"Minneapolis, MN",STL,"St. Louis, MO",-4,-7,87,84
27,4,Delta,STL,"St. Louis, MO",MSP,"Minneapolis, MN",-7,-3,88,92
27,4,Delta,IAH,"Houston, TX",ATL,"Atlanta, GA",-5,-14,123,114
27,4,Delta,MSP,"Minneapolis, MN",BOS,"Boston, MA",-2,-12,172,162
1,6,Delta,SEA,"Seattle, WA",MSP,"Minneapolis, MN",9,9,191,191
1,6,Delta,DTW,"Detroit, MI",MHT,"Manchester, NH",0,-16,108,92
1,6,Delta,SAT,"San Antonio, TX",JFK,"New York, NY",-1,-14,238,225
29,6,Delta,BTV,"Burlington, VT",ATL,"Atlanta, GA",-7,-10,163,160
29,6,Delta,SEA,"Seattle, WA",DTW,"Detroit, MI",18,19,249,250
27,4,Delta,LGA,"New York, NY",DTW,"Detroit, MI",6,2,134,130
27,4,Delta,MSP,"Minneapolis, MN",SFO,"San Francisco, CA",-4,-13,242,233
27,4,Delta,BUF,"Buffalo, NY",ATL,"Atlanta, GA",-5,-10,126,121
27,4,Delta,BWI,"Baltimore, MD",SLC,"Salt Lake City, UT",-5,-12,274,267
29,6,Delta,ATL,"Atlanta, GA",DCA,"Washington, DC",-3,-6,100,97
28,5,Delta,ATL,"Atlanta, GA",ELP,"El Paso, TX",-3,-26,196,173
8,6,Delta,PBI,"West Palm Beach/Palm Beach, FL",ATL,"Atlanta, GA",-5,-13,106,98
30,7,Delta,SYR,"Syracuse, NY",ATL,"Atlanta, GA",-7,-7,131,131
30,7,Delta,ATL,"Atlanta, GA",BWI,"Baltimore, MD",9,-5,117,103
30,7,Delta,LAX,"Los Angeles, CA",JFK,"New York, NY",-5,-25,345,325
30,7,Delta,XNA,"Fayetteville, AR",ATL,"Atlanta, GA",0,-6,112,106
30,7,Delta,DTW,"Detroit, MI",SFO,"San Francisco, CA",0,-12,303,291
31,1,Delta,LGA,"New York, NY",MIA,"Miami, FL",6,-5,199,188
9,7,Atlantic SE,PNS,"Pensacola, FL",DFW,"Dallas/Fort Worth, TX",-6,-13,118,111
20,4,Atlantic SE,DFW,"Dallas/Fort Worth, TX",PNS,"Pensacola, FL",-5,-9,111,107
31,1,Atlantic SE,DFW,"Dallas/Fort Worth, TX",TYR,"Tyler, TX",-4,-12,52,44
30,7,Delta,PIT,"Pittsburgh, PA",ATL,"Atlanta, GA",3,6,99,102
31,1,Delta,ATL,"Atlanta, GA",MCO,"Orlando, FL",24,48,93,117
31,1,Delta,FLL,"Fort Lauderdale, FL",ATL,"Atlanta, GA",-7,-19,121,109
25,2,Atlantic SE,BTR,"Baton Rouge, LA",DFW,"Dallas/Fort Worth, TX",-11,-7,89,93
31,1,Delta,CHS,"Charleston, SC",ATL,"Atlanta, GA",-3,-3,65,65
31,1,Delta,ATL,"Atlanta, GA",MSP,"Minneapolis, MN",-4,-19,159,144
30,7,Delta,RDU,"Raleigh/Durham, NC",ATL,"Atlanta, GA",-2,-4,87,85
30,7,Delta,BOS,"Boston, MA",ATL,"Atlanta, GA",-7,-18,176,165
30,7,Atlantic SE,DFW,"Dallas/Fort Worth, TX",SHV,"Shreveport, LA",-4,-13,67,58
27,4,Atlantic SE,DFW,"Dallas/Fort Worth, TX",TYS,"Knoxville, TN",50,50,125,125
13,4,Atlantic SE,DFW,"Dallas/Fort Worth, TX",TYS,"Knoxville, TN",20,6,132,118
11,2,Atlantic SE,TYS,"Knoxville, TN",DFW,"Dallas/Fort Worth, TX",19,4,148,133
14,5,Atlantic SE,DFW,"Dallas/Fort Worth, TX",GRK,"Killeen, TX",-2,-16,53,39
11,2,Atlantic SE,DFW,"Dallas/Fort Worth, TX",CAE,"Columbia, SC",-2,-13,154,143
18,2,Atlantic SE,BRO,"Brownsville, TX",DFW,"Dallas/Fort Worth, TX",-10,-9,104,105
12,3,Atlantic SE,MLU,"Monroe, LA",DFW,"Dallas/Fort Worth, TX",-13,-17,79,75
4,2,Atlantic SE,DFW,"Dallas/Fort Worth, TX",GRK,"Killeen, TX",1,-8,56,47
3,1,Atlantic SE,GSP,"Greer, SC",IAH,"Houston, TX",-7,7,146,160
1,6,Atlantic SE,EWR,"Newark, NJ",PWM,"Portland, ME",-2,-2,76,76
14,5,Atlantic SE,ORD,"Chicago, IL",PNS,"Pensacola, FL",-7,-23,142,126
4,2,Atlantic SE,BTV,"Burlington, VT",EWR,"Newark, NJ",2,8,80,86
10,1,Atlantic SE,ORD,"Chicago, IL",GRB,"Green Bay, WI",-7,-9,60,58
8,6,Atlantic SE,MFE,"Mission/McAllen/Edinburg, TX",IAH,"Houston, TX",-4,-19,80,65
14,5,Atlantic SE,LCH,"Lake Charles, LA",IAH,"Houston, TX",-9,-21,53,41
31,1,Atlantic SE,EWR,"Newark, NJ",BNA,"Nashville, TN",4,-17,148,127
29,6,Atlantic SE,EWR,"Newark, NJ",BNA,"Nashville, TN",-2,-14,148,136
8,6,Atlantic SE,DAY,"Dayton, OH",ORD,"Chicago, IL",-3,-9,75,69
29,6,Atlantic SE,BWI,"Baltimore, MD",EWR,"Newark, NJ",-9,-17,69,61
21,5,Atlantic SE,IAH,"Houston, TX",MOB,"Mobile, AL",1,-6,83,76
27,4,Atlantic SE,CAE,"Columbia, SC",ORD,"Chicago, IL",-10,-9,126,127
19,3,Atlantic SE,IAH,"Houston, TX",HRL,"Harlingen/San Benito, TX",4,9,73,78
4,2,Atlantic SE,TYR,"Tyler, TX",IAH,"Houston, TX",-10,-16,58,52
6,4,Atlantic SE,EWR,"Newark, NJ",BDL,"Hartford, CT",-6,-20,55,41
6,4,Atlantic SE,IND,"Indianapolis, IN",EWR,"Newark, NJ",-11,-9,125,127
9,7,Atlantic SE,EWR,"Newark, NJ",DAY,"Dayton, OH",19,11,121,113
16,7,Atlantic SE,IAH,"Houston, TX",MAF,"Midland/Odessa, TX",-3,-13,89,79
19,3,Atlantic SE,IAH,"Houston, TX",MAF,"Midland/Odessa, TX",1,9,90,98
14,5,Atlantic SE,MEM,"Memphis, TN",IAH,"Houston, TX",-7,-27,105,85
9,7,Atlantic SE,RIC,"Richmond, VA",IAH,"Houston, TX",-7,-4,187,190
15,6,Atlantic SE,IAH,"Houston, TX",ORF,"Norfolk, VA",-1,-16,190,175
30,7,Atlantic SE,MEM,"Memphis, TN",EWR,"Newark, NJ",-4,-10,164,158
10,1,Atlantic SE,STL,"St. Louis, MO",EWR,"Newark, NJ",28,13,149,134
8,6,Atlantic SE,RSW,"Fort Myers, FL",IAH,"Houston, TX",33,44,147,158
22,6,Atlantic SE,IAH,"Houston, TX",LRD,"Laredo, TX",-1,-6,69,64
5,3,Atlantic SE,GSP,"Greer, SC",EWR,"Newark, NJ",35,22,119,106
13,4,Atlantic SE,BNA,"Nashville, TN",EWR,"Newark, NJ",-7,-7,138,138
15,6,Atlantic SE,IAD,"Washington, DC",EWR,"Newark, NJ",34,23,81,70
28,5,Atlantic SE,GPT,"Gulfport/Biloxi, MS",IAH,"Houston, TX",-3,-11,88,80
28,5,Atlantic SE,IAH,"Houston, TX",MCI,"Kansas City, MO",-5,-16,123,112
8,6,Atlantic SE,EWR,"Newark, NJ",MSP,"Minneapolis, MN",-1,5,195,201
26,3,Atlantic SE,IAH,"Houston, TX",PIT,"Pittsburgh, PA",-4,-4,172,172
9,7,Atlantic SE,ICT,"Wichita, KS",IAH,"Houston, TX",21,27,106,112
29,6,Atlantic SE,IAH,"Houston, TX",JAN,"Jackson/Vicksburg, MS",-8,-1,79,86
14,5,Atlantic SE,ORD,"Chicago, IL",DAY,"Dayton, OH",3,2,72,71
12,3,Atlantic SE,CRW,"Charleston/Dunbar, WV",ORD,"Chicago, IL",-8,-3,93,98
13,4,Atlantic SE,CRW,"Charleston/Dunbar, WV",ORD,"Chicago, IL",-4,0,93,97
28,5,Atlantic SE,ORD,"Chicago, IL",ICT,"Wichita, KS",-5,-5,113,113
7,5,Atlantic SE,DTW,"Detroit, MI",CID,"Cedar Rapids/Iowa City, IA",-5,-27,98,76
22,6,Atlantic SE,GNV,"Gainesville, FL",ATL,"Atlanta, GA",-5,-15,70,60
4,2,Atlantic SE,ATL,"Atlanta, GA",GPT,"Gulfport/Biloxi, MS",-2,-10,80,72
31,1,Atlantic SE,CLE,"Cleveland, OH",MSP,"Minneapolis, MN",-1,3,115,119
16,7,Atlantic SE,DTW,"Detroit, MI",RIC,"Richmond, VA",-1,-1,98,98
10,1,Atlantic SE,ORF,"Norfolk, VA",MSP,"Minneapolis, MN",-7,0,178,185
19,3,Atlantic SE,ATL,"Atlanta, GA",VLD,"Valdosta, GA",-2,2,60,64
18,2,Atlantic SE,ATL,"Atlanta, GA",SHV,"Shreveport, LA",23,17,102,96
28,5,Atlantic SE,ATL,"Atlanta, GA",GNV,"Gainesville, FL",3,0,69,66
17,1,Atlantic SE,RIC,"Richmond, VA",LGA,"New York, NY",-5,-25,84,64
6,4,Atlantic SE,ATL,"Atlanta, GA",AEX,"Alexandria, LA",9,-1,102,92
19,3,Atlantic SE,ATL,"Atlanta, GA",CHA,"Chattanooga, TN",-2,21,51,74
12,3,Atlantic SE,CMH,"Columbus, OH",LGA,"New York, NY",2,-16,105,87
30,7,Atlantic SE,ATL,"Atlanta, GA",GRK,"Killeen, TX",11,-2,134,121
18,2,Atlantic SE,MLI,"Moline, IL",ATL,"Atlanta, GA",-11,51,109,171
27,4,Atlantic SE,ATL,"Atlanta, GA",GNV,"Gainesville, FL",-5,-12,77,70
9,7,Atlantic SE,MSP,"Minneapolis, MN",PIT,"Pittsburgh, PA",16,16,125,125
12,3,Atlantic SE,SAT,"San Antonio, TX",DTW,"Detroit, MI",-7,-8,189,188
27,4,Atlantic SE,AEX,"Alexandria, LA",ATL,"Atlanta, GA",-6,-10,101,97
2,7,Atlantic SE,DTW,"Detroit, MI",IAH,"Houston, TX",-5,-9,175,171
7,5,Atlantic SE,TRI,"Bristol/Johnson City/Kingsport, TN",ATL,"Atlanta, GA",21,16,58,53
7,5,Atlantic SE,CHA,"Chattanooga, TN",ATL,"Atlanta, GA",-4,3,41,48
2,7,Atlantic SE,DTW,"Detroit, MI",ELM,"Elmira/Corning, NY",-1,0,72,73
1,6,Atlantic SE,ATL,"Atlanta, GA",MOB,"Mobile, AL",-4,-13,79,70
5,3,Atlantic SE,ATL,"Atlanta, GA",BTR,"Baton Rouge, LA",-4,-10,89,83
17,1,Atlantic SE,MLU,"Monroe, LA",ATL,"Atlanta, GA",-5,-6,90,89
28,5,Atlantic SE,LFT,"Lafayette, LA",ATL,"Atlanta, GA",-8,-8,102,102
12,3,Atlantic SE,LIT,"Little Rock, AR",IAH,"Houston, TX",-5,10,92,107
4,2,Atlantic SE,IAH,"Houston, TX",LCH,"Lake Charles, LA",1,-2,54,51
27,4,Atlantic SE,MCI,"Kansas City, MO",IAH,"Houston, TX",-5,-11,126,120
17,1,Atlantic SE,ORD,"Chicago, IL",EVV,"Evansville, IN",-6,-9,81,78
31,1,Atlantic SE,ORD,"Chicago, IL",DAY,"Dayton, OH",5,6,66,67
21,5,Atlantic SE,ORD,"Chicago, IL",LEX,"Lexington, KY",-3,-4,77,76
29,6,Atlantic SE,ORD,"Chicago, IL",ICT,"Wichita, KS",-11,8,117,136
20,4,Atlantic SE,ORD,"Chicago, IL",FSD,"Sioux Falls, SD",-7,-14,100,93
3,1,Atlantic SE,MDT,"Harrisburg, PA",ORD,"Chicago, IL",-1,9,115,125
27,4,Atlantic SE,ORD,"Chicago, IL",CVG,"Cincinnati, OH",46,28,75,57
22,6,Atlantic SE,ORD,"Chicago, IL",TYS,"Knoxville, TN",-3,-13,94,84
9,7,Atlantic SE,ORD,"Chicago, IL",PIA,"Peoria, IL",-4,35,55,94
26,3,Delta,JFK,"New York, NY",SJU,"San Juan, PR",14,0,246,232
26,3,Delta,ATL,"Atlanta, GA",SJU,"San Juan, PR",25,14,224,213
4,2,Frontier,CVG,"Cincinnati, OH",RSW,"Fort Myers, FL",46,41,135,130
5,3,Frontier,MSP,"Minneapolis, MN",DEN,"Denver, CO",-7,-10,121,118
5,3,Frontier,MSP,"Minneapolis, MN",PHL,"Philadelphia, PA",-8,-6,155,157
21,5,Frontier,LAS,"Las Vegas, NV",STL,"St. Louis, MO",-8,-12,185,181
21,5,Frontier,ORD,"Chicago, IL",TTN,"Trenton, NJ",4,11,120,127
9,7,Frontier,TTN,"Trenton, NJ",ATL,"Atlanta, GA",-3,-2,126,127
27,4,Frontier,MCO,"Orlando, FL",TTN,"Trenton, NJ",-1,-11,145,135
28,5,Frontier,ORD,"Chicago, IL",SFO,"San Francisco, CA",-7,1,275,283
28,5,Frontier,LGA,"New York, NY",ATL,"Atlanta, GA",-8,-8,155,155
2,7,Hawaiian,LAX,"Los Angeles, CA",OGG,"Kahului, HI",29,19,350,340
9,7,Hawaiian,SEA,"Seattle, WA",HNL,"Honolulu, HI",0,-6,355,349
9,7,Hawaiian,LIH,"Lihue, HI",OGG,"Kahului, HI",11,10,45,44
